crosswalk_version,source_id,raw_offense_code,raw_offense_text,raw_source_category,nibrs_code,nibrs_offense_name,nibrs_group,nibrs_crime_against,ucr_part,severity_bucket,product_category,mapping_confidence,effective_from,effective_to,notes
chi_v1,chi,0110,FIRST DEGREE MURDER,HOMICIDE,09A,Murder and Nonnegligent Manslaughter,A,person,I,part_i_violent,violent,approximate,2001-01-01,,Generated from the published IUCR list by scripts/build_chicago_crosswalk.py. Rule-based first pass; confirm the NIBRS target and the product category.
chi_v1,chi,0130,SECOND DEGREE MURDER,HOMICIDE,09A,Murder and Nonnegligent Manslaughter,A,person,I,part_i_violent,violent,approximate,2001-01-01,,Generated from the published IUCR list by scripts/build_chicago_crosswalk.py. Rule-based first pass; confirm the NIBRS target and the product category.
chi_v1,chi,0141,INVOLUNTARY MANSLAUGHTER,HOMICIDE,09B,Negligent Manslaughter,A,person,II,part_i_violent,violent,approximate,2001-01-01,,Generated from the published IUCR list by scripts/build_chicago_crosswalk.py. Rule-based first pass; confirm the NIBRS target and the product category.
chi_v1,chi,0142,RECKLESS HOMICIDE,HOMICIDE,09B,Negligent Manslaughter,A,person,II,part_i_violent,violent,approximate,2001-01-01,,Generated from the published IUCR list by scripts/build_chicago_crosswalk.py. Rule-based first pass; confirm the NIBRS target and the product category.
chi_v1,chi,0261,AGGRAVATED - HANDGUN,CRIMINAL SEXUAL ASSAULT,11A,Rape,A,person,I,part_i_violent,violent,approximate,2001-01-01,,Generated from the published IUCR list by scripts/build_chicago_crosswalk.py. Rule-based first pass; confirm the NIBRS target and the product category.
chi_v1,chi,0262,AGGRAVATED - OTHER FIREARM,CRIMINAL SEXUAL ASSAULT,11A,Rape,A,person,I,part_i_violent,violent,approximate,2001-01-01,,Generated from the published IUCR list by scripts/build_chicago_crosswalk.py. Rule-based first pass; confirm the NIBRS target and the product category.
chi_v1,chi,0263,AGGRAVATED - KNIFE / CUTTING INSTRUMENT,CRIMINAL SEXUAL ASSAULT,11A,Rape,A,person,I,part_i_violent,violent,approximate,2001-01-01,,Generated from the published IUCR list by scripts/build_chicago_crosswalk.py. Rule-based first pass; confirm the NIBRS target and the product category.
chi_v1,chi,0264,AGGRAVATED - OTHER DANGEROUS WEAPON,CRIMINAL SEXUAL ASSAULT,11A,Rape,A,person,I,part_i_violent,violent,approximate,2001-01-01,,Generated from the published IUCR list by scripts/build_chicago_crosswalk.py. Rule-based first pass; confirm the NIBRS target and the product category.
chi_v1,chi,0265,AGGRAVATED - OTHER,CRIMINAL SEXUAL ASSAULT,11A,Rape,A,person,I,part_i_violent,violent,approximate,2001-01-01,,Generated from the published IUCR list by scripts/build_chicago_crosswalk.py. Rule-based first pass; confirm the NIBRS target and the product category.
chi_v1,chi,0266,PREDATORY,CRIMINAL SEXUAL ASSAULT,11A,Rape,A,person,I,part_i_violent,violent,approximate,2001-01-01,,Generated from the published IUCR list by scripts/build_chicago_crosswalk.py. Rule-based first pass; confirm the NIBRS target and the product category.
chi_v1,chi,0271,ATTEMPT AGGRAVATED - HANDGUN,CRIMINAL SEXUAL ASSAULT,11A,Rape,A,person,I,part_i_violent,violent,approximate,2001-01-01,,Generated from the published IUCR list by scripts/build_chicago_crosswalk.py. Rule-based first pass; confirm the NIBRS target and the product category.
chi_v1,chi,0272,ATTEMPT AGGRAVATED - OTHER FIREARM,CRIMINAL SEXUAL ASSAULT,11A,Rape,A,person,I,part_i_violent,violent,approximate,2001-01-01,,Generated from the published IUCR list by scripts/build_chicago_crosswalk.py. Rule-based first pass; confirm the NIBRS target and the product category.
chi_v1,chi,0273,ATTEMPT AGGRAVATED - KNIFE / CUTTING INSTRUMENT,CRIMINAL SEXUAL ASSAULT,11A,Rape,A,person,I,part_i_violent,violent,approximate,2001-01-01,,Generated from the published IUCR list by scripts/build_chicago_crosswalk.py. Rule-based first pass; confirm the NIBRS target and the product category.
chi_v1,chi,0274,ATTEMPT AGGRAVATED - OTHER DANGEROUS WEAPON,CRIMINAL SEXUAL ASSAULT,11A,Rape,A,person,I,part_i_violent,violent,approximate,2001-01-01,,Generated from the published IUCR list by scripts/build_chicago_crosswalk.py. Rule-based first pass; confirm the NIBRS target and the product category.
chi_v1,chi,0275,ATTEMPT AGGRAVATED - OTHER,CRIMINAL SEXUAL ASSAULT,11A,Rape,A,person,I,part_i_violent,violent,approximate,2001-01-01,,Generated from the published IUCR list by scripts/build_chicago_crosswalk.py. Rule-based first pass; confirm the NIBRS target and the product category.
chi_v1,chi,0281,NON-AGGRAVATED,CRIMINAL SEXUAL ASSAULT,11A,Rape,A,person,I,part_i_violent,violent,approximate,2001-01-01,,Generated from the published IUCR list by scripts/build_chicago_crosswalk.py. Rule-based first pass; confirm the NIBRS target and the product category.
chi_v1,chi,0291,ATTEMPT NON-AGGRAVATED,CRIMINAL SEXUAL ASSAULT,11A,Rape,A,person,I,part_i_violent,violent,approximate,2001-01-01,,Generated from the published IUCR list by scripts/build_chicago_crosswalk.py. Rule-based first pass; confirm the NIBRS target and the product category.
chi_v1,chi,0312,ARMED - KNIFE / CUTTING INSTRUMENT,ROBBERY,120,Robbery,A,property,I,part_i_violent,violent,approximate,2001-01-01,,Generated from the published IUCR list by scripts/build_chicago_crosswalk.py. Rule-based first pass; confirm the NIBRS target and the product category.
chi_v1,chi,0313,ARMED - OTHER DANGEROUS WEAPON,ROBBERY,120,Robbery,A,property,I,part_i_violent,violent,approximate,2001-01-01,,Generated from the published IUCR list by scripts/build_chicago_crosswalk.py. Rule-based first pass; confirm the NIBRS target and the product category.
chi_v1,chi,031A,ARMED - HANDGUN,ROBBERY,120,Robbery,A,property,I,part_i_violent,violent,approximate,2001-01-01,,Generated from the published IUCR list by scripts/build_chicago_crosswalk.py. Rule-based first pass; confirm the NIBRS target and the product category.
chi_v1,chi,031B,ARMED - OTHER FIREARM,ROBBERY,120,Robbery,A,property,I,part_i_violent,violent,approximate,2001-01-01,,Generated from the published IUCR list by scripts/build_chicago_crosswalk.py. Rule-based first pass; confirm the NIBRS target and the product category.
chi_v1,chi,0320,STRONG ARM - NO WEAPON,ROBBERY,120,Robbery,A,property,I,part_i_violent,violent,approximate,2001-01-01,,Generated from the published IUCR list by scripts/build_chicago_crosswalk.py. Rule-based first pass; confirm the NIBRS target and the product category.
chi_v1,chi,0325,VEHICULAR HIJACKING,ROBBERY,120,Robbery,A,property,I,part_i_violent,violent,approximate,2001-01-01,,Generated from the published IUCR list by scripts/build_chicago_crosswalk.py. Rule-based first pass; confirm the NIBRS target and the product category.
chi_v1,chi,0326,AGGRAVATED VEHICULAR HIJACKING,ROBBERY,120,Robbery,A,property,I,part_i_violent,violent,approximate,2001-01-01,,Generated from the published IUCR list by scripts/build_chicago_crosswalk.py. Rule-based first pass; confirm the NIBRS target and the product category.
chi_v1,chi,0330,AGGRAVATED,ROBBERY,120,Robbery,A,property,I,part_i_violent,violent,approximate,2001-01-01,,Generated from the published IUCR list by scripts/build_chicago_crosswalk.py. Rule-based first pass; confirm the NIBRS target and the product category.
chi_v1,chi,0331,ATTEMPT AGGRAVATED,ROBBERY,120,Robbery,A,property,I,part_i_violent,violent,approximate,2001-01-01,,Generated from the published IUCR list by scripts/build_chicago_crosswalk.py. Rule-based first pass; confirm the NIBRS target and the product category.
chi_v1,chi,0334,ATTEMPT ARMED - KNIFE / CUTTING INSTRUMENT,ROBBERY,120,Robbery,A,property,I,part_i_violent,violent,approximate,2001-01-01,,Generated from the published IUCR list by scripts/build_chicago_crosswalk.py. Rule-based first pass; confirm the NIBRS target and the product category.
chi_v1,chi,0337,ATTEMPT ARMED - OTHER DANGEROUS WEAPON,ROBBERY,120,Robbery,A,property,I,part_i_violent,violent,approximate,2001-01-01,,Generated from the published IUCR list by scripts/build_chicago_crosswalk.py. Rule-based first pass; confirm the NIBRS target and the product category.
chi_v1,chi,033A,ATTEMPT ARMED - HANDGUN,ROBBERY,120,Robbery,A,property,I,part_i_violent,violent,approximate,2001-01-01,,Generated from the published IUCR list by scripts/build_chicago_crosswalk.py. Rule-based first pass; confirm the NIBRS target and the product category.
chi_v1,chi,033B,ATTEMPT ARMED - OTHER FIREARM,ROBBERY,120,Robbery,A,property,I,part_i_violent,violent,approximate,2001-01-01,,Generated from the published IUCR list by scripts/build_chicago_crosswalk.py. Rule-based first pass; confirm the NIBRS target and the product category.
chi_v1,chi,0340,ATTEMPT STRONG ARM - NO WEAPON,ROBBERY,120,Robbery,A,property,I,part_i_violent,violent,approximate,2001-01-01,,Generated from the published IUCR list by scripts/build_chicago_crosswalk.py. Rule-based first pass; confirm the NIBRS target and the product category.
chi_v1,chi,041A,AGGRAVATED - HANDGUN,BATTERY,13A,Aggravated Assault,A,person,I,part_i_violent,violent,approximate,2001-01-01,,Generated from the published IUCR list by scripts/build_chicago_crosswalk.py. Rule-based first pass; confirm the NIBRS target and the product category.
chi_v1,chi,041B,AGGRAVATED - OTHER FIREARM,BATTERY,13A,Aggravated Assault,A,person,I,part_i_violent,violent,approximate,2001-01-01,,Generated from the published IUCR list by scripts/build_chicago_crosswalk.py. Rule-based first pass; confirm the NIBRS target and the product category.
chi_v1,chi,0420,AGGRAVATED - KNIFE / CUTTING INSTRUMENT,BATTERY,13A,Aggravated Assault,A,person,I,part_i_violent,violent,approximate,2001-01-01,,Generated from the published IUCR list by scripts/build_chicago_crosswalk.py. Rule-based first pass; confirm the NIBRS target and the product category.
chi_v1,chi,0430,AGGRAVATED - OTHER DANGEROUS WEAPON,BATTERY,13A,Aggravated Assault,A,person,I,part_i_violent,violent,approximate,2001-01-01,,Generated from the published IUCR list by scripts/build_chicago_crosswalk.py. Rule-based first pass; confirm the NIBRS target and the product category.
chi_v1,chi,0440,"AGGRAVATED - HANDS, FISTS, FEET, NO / MINOR INJURY",BATTERY,13A,Aggravated Assault,A,person,II,part_i_violent,violent,approximate,2001-01-01,,Generated from the published IUCR list by scripts/build_chicago_crosswalk.py. Rule-based first pass; confirm the NIBRS target and the product category.
chi_v1,chi,0450,AGGRAVATED POLICE OFFICER - HANDGUN,BATTERY,13A,Aggravated Assault,A,person,I,part_i_violent,violent,approximate,2001-01-01,,Generated from the published IUCR list by scripts/build_chicago_crosswalk.py. Rule-based first pass; confirm the NIBRS target and the product category.
chi_v1,chi,0451,AGGRAVATED POLICE OFFICER - OTHER FIREARM,BATTERY,13A,Aggravated Assault,A,person,I,part_i_violent,violent,approximate,2001-01-01,,Generated from the published IUCR list by scripts/build_chicago_crosswalk.py. Rule-based first pass; confirm the NIBRS target and the product category.
chi_v1,chi,0452,AGGRAVATED POLICE OFFICER - KNIFE / CUTTING INSTRUMENT,BATTERY,13A,Aggravated Assault,A,person,I,part_i_violent,violent,approximate,2001-01-01,,Generated from the published IUCR list by scripts/build_chicago_crosswalk.py. Rule-based first pass; confirm the NIBRS target and the product category.
chi_v1,chi,0453,AGGRAVATED POLICE OFFICER - OTHER DANGEROUS WEAPON,BATTERY,13A,Aggravated Assault,A,person,I,part_i_violent,violent,approximate,2001-01-01,,Generated from the published IUCR list by scripts/build_chicago_crosswalk.py. Rule-based first pass; confirm the NIBRS target and the product category.
chi_v1,chi,0454,"AGGRAVATED P.O. - HANDS, FISTS, FEET, NO / MINOR INJURY",BATTERY,13A,Aggravated Assault,A,person,II,part_i_violent,violent,approximate,2001-01-01,,Generated from the published IUCR list by scripts/build_chicago_crosswalk.py. Rule-based first pass; confirm the NIBRS target and the product category.
chi_v1,chi,0460,SIMPLE,BATTERY,13B,Simple Assault,A,person,II,part_ii,violent,approximate,2001-01-01,,Generated from the published IUCR list by scripts/build_chicago_crosswalk.py. Rule-based first pass; confirm the NIBRS target and the product category.
chi_v1,chi,0461,"AGGRAVATED P.O. - HANDS, FISTS, FEET, SERIOUS INJURY",BATTERY,13A,Aggravated Assault,A,person,I,part_i_violent,violent,approximate,2001-01-01,,Generated from the published IUCR list by scripts/build_chicago_crosswalk.py. Rule-based first pass; confirm the NIBRS target and the product category.
chi_v1,chi,0462,"AGG. PROTECTED EMPLOYEE - HANDS, FISTS, FEET, SERIOUS INJURY",BATTERY,13A,Aggravated Assault,A,person,I,part_i_violent,violent,approximate,2001-01-01,,Generated from the published IUCR list by scripts/build_chicago_crosswalk.py. Rule-based first pass; confirm the NIBRS target and the product category.
chi_v1,chi,0470,RECKLESS CONDUCT,PUBLIC PEACE VIOLATION,90C,Disorderly Conduct,B,group_b,II,part_ii,quality_of_life,approximate,2001-01-01,,Generated from the published IUCR list by scripts/build_chicago_crosswalk.py. Rule-based first pass; confirm the NIBRS target and the product category.
chi_v1,chi,0475,OF AN UNBORN CHILD,BATTERY,13B,Simple Assault,A,person,II,part_ii,violent,approximate,2001-01-01,,Generated from the published IUCR list by scripts/build_chicago_crosswalk.py. Rule-based first pass; confirm the NIBRS target and the product category.
chi_v1,chi,0479,"AGGRAVATED - HANDS, FISTS, FEET, SERIOUS INJURY",BATTERY,13A,Aggravated Assault,A,person,I,part_i_violent,violent,approximate,2001-01-01,,Generated from the published IUCR list by scripts/build_chicago_crosswalk.py. Rule-based first pass; confirm the NIBRS target and the product category.
chi_v1,chi,0480,AGGRAVATED PROTECTED EMPLOYEE - HANDGUN,BATTERY,13A,Aggravated Assault,A,person,I,part_i_violent,violent,approximate,2001-01-01,,Generated from the published IUCR list by scripts/build_chicago_crosswalk.py. Rule-based first pass; confirm the NIBRS target and the product category.
chi_v1,chi,0481,AGGRAVATED PROTECTED EMPLOYEE - OTHER FIREARM,BATTERY,13A,Aggravated Assault,A,person,I,part_i_violent,violent,approximate,2001-01-01,,Generated from the published IUCR list by scripts/build_chicago_crosswalk.py. Rule-based first pass; confirm the NIBRS target and the product category.
chi_v1,chi,0482,AGGRAVATED PROTECTED EMPLOYEE - KNIFE / CUTTING INSTRUMENT,BATTERY,13A,Aggravated Assault,A,person,I,part_i_violent,violent,approximate,2001-01-01,,Generated from the published IUCR list by scripts/build_chicago_crosswalk.py. Rule-based first pass; confirm the NIBRS target and the product category.
chi_v1,chi,0483,AGGRAVATED PROTECTED EMPLOYEE - OTHER DANGEROUS WEAPON,BATTERY,13A,Aggravated Assault,A,person,I,part_i_violent,violent,approximate,2001-01-01,,Generated from the published IUCR list by scripts/build_chicago_crosswalk.py. Rule-based first pass; confirm the NIBRS target and the product category.
chi_v1,chi,0484,"PROTECTED EMPLOYEE - HANDS, FISTS, FEET, NO / MINOR INJURY",BATTERY,13B,Simple Assault,A,person,II,part_ii,violent,approximate,2001-01-01,,Generated from the published IUCR list by scripts/build_chicago_crosswalk.py. Rule-based first pass; confirm the NIBRS target and the product category.
chi_v1,chi,0485,AGGRAVATED OF A CHILD,BATTERY,13A,Aggravated Assault,A,person,I,part_i_violent,violent,approximate,2001-01-01,,Generated from the published IUCR list by scripts/build_chicago_crosswalk.py. Rule-based first pass; confirm the NIBRS target and the product category.
chi_v1,chi,0486,DOMESTIC BATTERY SIMPLE,BATTERY,13B,Simple Assault,A,person,II,part_ii,violent,approximate,2001-01-01,,Generated from the published IUCR list by scripts/build_chicago_crosswalk.py. Rule-based first pass; confirm the NIBRS target and the product category.
chi_v1,chi,0487,AGGRAVATED OF AN UNBORN CHILD,BATTERY,13A,Aggravated Assault,A,person,I,part_i_violent,violent,approximate,2001-01-01,,Generated from the published IUCR list by scripts/build_chicago_crosswalk.py. Rule-based first pass; confirm the NIBRS target and the product category.
chi_v1,chi,0488,AGGRAVATED DOMESTIC BATTERY - HANDGUN,BATTERY,13A,Aggravated Assault,A,person,I,part_i_violent,violent,approximate,2001-01-01,,Generated from the published IUCR list by scripts/build_chicago_crosswalk.py. Rule-based first pass; confirm the NIBRS target and the product category.
chi_v1,chi,0489,AGGRAVATED DOMESTIC BATTERY - OTHER FIREARM,BATTERY,13A,Aggravated Assault,A,person,I,part_i_violent,violent,approximate,2001-01-01,,Generated from the published IUCR list by scripts/build_chicago_crosswalk.py. Rule-based first pass; confirm the NIBRS target and the product category.
chi_v1,chi,0490,AGGRAVATED RITUAL MUTILATION - HANDGUN,RITUALISM,13A,Aggravated Assault,A,person,I,part_i_violent,violent,approximate,2001-01-01,,Generated from the published IUCR list by scripts/build_chicago_crosswalk.py. Rule-based first pass; confirm the NIBRS target and the product category.
chi_v1,chi,0491,AGGRAVATED RITUAL MUTILATION - OTHER FIREARM,RITUALISM,13A,Aggravated Assault,A,person,I,part_i_violent,violent,approximate,2001-01-01,,Generated from the published IUCR list by scripts/build_chicago_crosswalk.py. Rule-based first pass; confirm the NIBRS target and the product category.
chi_v1,chi,0492,AGGRAVATED RITUAL MUTILATION - KNIFE / CUTTING INSTRUMENT,RITUALISM,13A,Aggravated Assault,A,person,I,part_i_violent,violent,approximate,2001-01-01,,Generated from the published IUCR list by scripts/build_chicago_crosswalk.py. Rule-based first pass; confirm the NIBRS target and the product category.
chi_v1,chi,0493,AGGRAVATED RITUAL MUTILATION - OTHER DANGEROUS WEAPON,RITUALISM,520,Weapon Law Violations,A,society,I,part_i_property,other,approximate,2001-01-01,,"Generated from the published IUCR list by scripts/build_chicago_crosswalk.py. Rule-based first pass; confirm the NIBRS target and the product category. IUCR flags this as an index offense, so the severity bucket was promoted from part_ii to part_i_property; confirm."
chi_v1,chi,0494,AGGRAVATED RITUAL MUTILATION -HANDS / FEET NO / MINOR INJURY,RITUALISM,13A,Aggravated Assault,A,person,II,part_i_violent,violent,approximate,2001-01-01,,Generated from the published IUCR list by scripts/build_chicago_crosswalk.py. Rule-based first pass; confirm the NIBRS target and the product category.
chi_v1,chi,0495,AGGRAVATED OF A SENIOR CITIZEN,BATTERY,13A,Aggravated Assault,A,person,I,part_i_violent,violent,approximate,2001-01-01,,Generated from the published IUCR list by scripts/build_chicago_crosswalk.py. Rule-based first pass; confirm the NIBRS target and the product category.
chi_v1,chi,0496,AGGRAVATED DOMESTIC BATTERY - KNIFE / CUTTING INSTRUMENT,BATTERY,13A,Aggravated Assault,A,person,I,part_i_violent,violent,approximate,2001-01-01,,Generated from the published IUCR list by scripts/build_chicago_crosswalk.py. Rule-based first pass; confirm the NIBRS target and the product category.
chi_v1,chi,0497,AGGRAVATED DOMESTIC BATTERY - OTHER DANGEROUS WEAPON,BATTERY,13A,Aggravated Assault,A,person,I,part_i_violent,violent,approximate,2001-01-01,,Generated from the published IUCR list by scripts/build_chicago_crosswalk.py. Rule-based first pass; confirm the NIBRS target and the product category.
chi_v1,chi,0498,"AGG. DOMESTIC BATTERY - HANDS, FISTS, FEET, SERIOUS INJURY",BATTERY,13A,Aggravated Assault,A,person,I,part_i_violent,violent,approximate,2001-01-01,,Generated from the published IUCR list by scripts/build_chicago_crosswalk.py. Rule-based first pass; confirm the NIBRS target and the product category.
chi_v1,chi,0499,AGGRAVATED DOMESTIC BATTERY,BATTERY,13A,Aggravated Assault,A,person,I,part_i_violent,violent,approximate,2001-01-01,,Generated from the published IUCR list by scripts/build_chicago_crosswalk.py. Rule-based first pass; confirm the NIBRS target and the product category.
chi_v1,chi,0510,"AGG. RITUAL MUTILATION - HANDS, FISTS, FEET, SERIOUS INJURY",RITUALISM,13B,Simple Assault,A,person,I,part_i_violent,violent,approximate,2001-01-01,,"Generated from the published IUCR list by scripts/build_chicago_crosswalk.py. Rule-based first pass; confirm the NIBRS target and the product category. IUCR flags this as an index offense, so the severity bucket was promoted from part_ii to part_i_violent; confirm."
chi_v1,chi,051A,AGGRAVATED - HANDGUN,ASSAULT,13A,Aggravated Assault,A,person,I,part_i_violent,violent,approximate,2001-01-01,,Generated from the published IUCR list by scripts/build_chicago_crosswalk.py. Rule-based first pass; confirm the NIBRS target and the product category.
chi_v1,chi,051B,AGGRAVATED - OTHER FIREARM,ASSAULT,13A,Aggravated Assault,A,person,I,part_i_violent,violent,approximate,2001-01-01,,Generated from the published IUCR list by scripts/build_chicago_crosswalk.py. Rule-based first pass; confirm the NIBRS target and the product category.
chi_v1,chi,0520,AGGRAVATED - KNIFE / CUTTING INSTRUMENT,ASSAULT,13A,Aggravated Assault,A,person,I,part_i_violent,violent,approximate,2001-01-01,,Generated from the published IUCR list by scripts/build_chicago_crosswalk.py. Rule-based first pass; confirm the NIBRS target and the product category.
chi_v1,chi,0530,AGGRAVATED - OTHER DANGEROUS WEAPON,ASSAULT,13A,Aggravated Assault,A,person,I,part_i_violent,violent,approximate,2001-01-01,,Generated from the published IUCR list by scripts/build_chicago_crosswalk.py. Rule-based first pass; confirm the NIBRS target and the product category.
chi_v1,chi,0545,"PROTECTED EMPLOYEE - HANDS, FISTS, FEET, NO / MINOR INJURY",ASSAULT,13B,Simple Assault,A,person,II,part_ii,violent,approximate,2001-01-01,,Generated from the published IUCR list by scripts/build_chicago_crosswalk.py. Rule-based first pass; confirm the NIBRS target and the product category.
chi_v1,chi,0550,AGGRAVATED POLICE OFFICER - HANDGUN,ASSAULT,13A,Aggravated Assault,A,person,I,part_i_violent,violent,approximate,2001-01-01,,Generated from the published IUCR list by scripts/build_chicago_crosswalk.py. Rule-based first pass; confirm the NIBRS target and the product category.
chi_v1,chi,0551,AGGRAVATED POLICE OFFICER - OTHER FIREARM,ASSAULT,13A,Aggravated Assault,A,person,I,part_i_violent,violent,approximate,2001-01-01,,Generated from the published IUCR list by scripts/build_chicago_crosswalk.py. Rule-based first pass; confirm the NIBRS target and the product category.
chi_v1,chi,0552,AGGRAVATED POLICE OFFICER - KNIFE / CUTTING INSTRUMENT,ASSAULT,13A,Aggravated Assault,A,person,I,part_i_violent,violent,approximate,2001-01-01,,Generated from the published IUCR list by scripts/build_chicago_crosswalk.py. Rule-based first pass; confirm the NIBRS target and the product category.
chi_v1,chi,0553,AGGRAVATED POLICE OFFICER - OTHER DANGEROUS WEAPON,ASSAULT,13A,Aggravated Assault,A,person,I,part_i_violent,violent,approximate,2001-01-01,,Generated from the published IUCR list by scripts/build_chicago_crosswalk.py. Rule-based first pass; confirm the NIBRS target and the product category.
chi_v1,chi,0554,"AGGRAVATED POLICE OFFICER - HANDS, FISTS, FEET, NO INJURY",ASSAULT,13A,Aggravated Assault,A,person,II,part_i_violent,violent,approximate,2001-01-01,,Generated from the published IUCR list by scripts/build_chicago_crosswalk.py. Rule-based first pass; confirm the NIBRS target and the product category.
chi_v1,chi,0555,AGGRAVATED PROTECTED EMPLOYEE - HANDGUN,ASSAULT,13A,Aggravated Assault,A,person,I,part_i_violent,violent,approximate,2001-01-01,,Generated from the published IUCR list by scripts/build_chicago_crosswalk.py. Rule-based first pass; confirm the NIBRS target and the product category.
chi_v1,chi,0556,AGGRAVATED PROTECTED EMPLOYEE - OTHER FIREARM,ASSAULT,13A,Aggravated Assault,A,person,I,part_i_violent,violent,approximate,2001-01-01,,Generated from the published IUCR list by scripts/build_chicago_crosswalk.py. Rule-based first pass; confirm the NIBRS target and the product category.
chi_v1,chi,0557,AGGRAVATED PROTECTED EMPLOYEE - KNIFE / CUTTING INSTRUMENT,ASSAULT,13A,Aggravated Assault,A,person,I,part_i_violent,violent,approximate,2001-01-01,,Generated from the published IUCR list by scripts/build_chicago_crosswalk.py. Rule-based first pass; confirm the NIBRS target and the product category.
chi_v1,chi,0558,AGGRAVATED PROTECTED EMPLOYEE - OTHER DANGEROUS WEAPON,ASSAULT,13A,Aggravated Assault,A,person,I,part_i_violent,violent,approximate,2001-01-01,,Generated from the published IUCR list by scripts/build_chicago_crosswalk.py. Rule-based first pass; confirm the NIBRS target and the product category.
chi_v1,chi,0560,SIMPLE,ASSAULT,13B,Simple Assault,A,person,II,part_ii,violent,approximate,2001-01-01,,Generated from the published IUCR list by scripts/build_chicago_crosswalk.py. Rule-based first pass; confirm the NIBRS target and the product category.
chi_v1,chi,0580,SIMPLE,STALKING,13C,Intimidation,A,person,II,part_ii,violent,approximate,2001-01-01,,Generated from the published IUCR list by scripts/build_chicago_crosswalk.py. Rule-based first pass; confirm the NIBRS target and the product category.
chi_v1,chi,0581,AGGRAVATED,STALKING,13C,Intimidation,A,person,II,part_ii,violent,approximate,2001-01-01,,Generated from the published IUCR list by scripts/build_chicago_crosswalk.py. Rule-based first pass; confirm the NIBRS target and the product category.
chi_v1,chi,0583,CYBERSTALKING,STALKING,13C,Intimidation,A,person,II,part_ii,violent,approximate,2001-01-01,,Generated from the published IUCR list by scripts/build_chicago_crosswalk.py. Rule-based first pass; confirm the NIBRS target and the product category.
chi_v1,chi,0584,VIOLATION OF STALKING NO CONTACT ORDER,STALKING,13C,Intimidation,A,person,II,part_ii,violent,approximate,2001-01-01,,Generated from the published IUCR list by scripts/build_chicago_crosswalk.py. Rule-based first pass; confirm the NIBRS target and the product category.
chi_v1,chi,0610,FORCIBLE ENTRY,BURGLARY,220,Burglary/Breaking and Entering,A,property,I,part_i_property,property,approximate,2001-01-01,,Generated from the published IUCR list by scripts/build_chicago_crosswalk.py. Rule-based first pass; confirm the NIBRS target and the product category.
chi_v1,chi,0620,UNLAWFUL ENTRY,BURGLARY,220,Burglary/Breaking and Entering,A,property,I,part_i_property,property,approximate,2001-01-01,,Generated from the published IUCR list by scripts/build_chicago_crosswalk.py. Rule-based first pass; confirm the NIBRS target and the product category.
chi_v1,chi,0630,ATTEMPT FORCIBLE ENTRY,BURGLARY,220,Burglary/Breaking and Entering,A,property,I,part_i_property,property,approximate,2001-01-01,,Generated from the published IUCR list by scripts/build_chicago_crosswalk.py. Rule-based first pass; confirm the NIBRS target and the product category.
chi_v1,chi,0650,HOME INVASION,BURGLARY,220,Burglary/Breaking and Entering,A,property,I,part_i_property,property,approximate,2001-01-01,,Generated from the published IUCR list by scripts/build_chicago_crosswalk.py. Rule-based first pass; confirm the NIBRS target and the product category.
chi_v1,chi,0710,THEFT FROM MOTOR VEHICLE,THEFT,23H,All Other Larceny,A,property,I,part_i_property,property,approximate,2001-01-01,,Generated from the published IUCR list by scripts/build_chicago_crosswalk.py. Rule-based first pass; confirm the NIBRS target and the product category.
chi_v1,chi,0760,BURGLARY FROM MOTOR VEHICLE,BURGLARY,220,Burglary/Breaking and Entering,A,property,I,part_i_property,property,approximate,2001-01-01,,Generated from the published IUCR list by scripts/build_chicago_crosswalk.py. Rule-based first pass; confirm the NIBRS target and the product category.
chi_v1,chi,0810,OVER $500,THEFT,23H,All Other Larceny,A,property,I,part_i_property,property,approximate,2001-01-01,,Generated from the published IUCR list by scripts/build_chicago_crosswalk.py. Rule-based first pass; confirm the NIBRS target and the product category.
chi_v1,chi,0820,$500 AND UNDER,THEFT,23H,All Other Larceny,A,property,I,part_i_property,property,approximate,2001-01-01,,Generated from the published IUCR list by scripts/build_chicago_crosswalk.py. Rule-based first pass; confirm the NIBRS target and the product category.
chi_v1,chi,0830,THEFT RETAIL,THEFT,23H,All Other Larceny,A,property,I,part_i_property,property,approximate,2001-01-01,,Generated from the published IUCR list by scripts/build_chicago_crosswalk.py. Rule-based first pass; confirm the NIBRS target and the product category.
chi_v1,chi,0840,FINANCIAL IDENTITY THEFT: OVER $300,THEFT,23H,All Other Larceny,A,property,I,part_i_property,property,approximate,2001-01-01,,Generated from the published IUCR list by scripts/build_chicago_crosswalk.py. Rule-based first pass; confirm the NIBRS target and the product category.
chi_v1,chi,0841,FINANCIAL IDENTITY THEFT: $300 & UNDER,THEFT,23H,All Other Larceny,A,property,I,part_i_property,property,approximate,2001-01-01,,Generated from the published IUCR list by scripts/build_chicago_crosswalk.py. Rule-based first pass; confirm the NIBRS target and the product category.
chi_v1,chi,0842,AGGRAVATED: FINANCIAL IDENTITY THEFT,THEFT,23H,All Other Larceny,A,property,I,part_i_property,property,approximate,2001-01-01,,Generated from the published IUCR list by scripts/build_chicago_crosswalk.py. Rule-based first pass; confirm the NIBRS target and the product category.
chi_v1,chi,0843,ATTEMPT FINANCIAL IDENTITY THEFT,THEFT,23H,All Other Larceny,A,property,I,part_i_property,property,approximate,2001-01-01,,Generated from the published IUCR list by scripts/build_chicago_crosswalk.py. Rule-based first pass; confirm the NIBRS target and the product category.
chi_v1,chi,0850,ATTEMPT THEFT,THEFT,23H,All Other Larceny,A,property,I,part_i_property,property,approximate,2001-01-01,,Generated from the published IUCR list by scripts/build_chicago_crosswalk.py. Rule-based first pass; confirm the NIBRS target and the product category.
chi_v1,chi,0860,RETAIL THEFT,THEFT,23C,Shoplifting,A,property,I,part_i_property,property,approximate,2001-01-01,,Generated from the published IUCR list by scripts/build_chicago_crosswalk.py. Rule-based first pass; confirm the NIBRS target and the product category.
chi_v1,chi,0865,DELIVERY CONTAINER THEFT,THEFT,23H,All Other Larceny,A,property,I,part_i_property,property,approximate,2001-01-01,,Generated from the published IUCR list by scripts/build_chicago_crosswalk.py. Rule-based first pass; confirm the NIBRS target and the product category.
chi_v1,chi,0870,POCKET-PICKING,THEFT,23A,Pocket-picking,A,property,I,part_i_property,property,approximate,2001-01-01,,Generated from the published IUCR list by scripts/build_chicago_crosswalk.py. Rule-based first pass; confirm the NIBRS target and the product category.
chi_v1,chi,0880,PURSE-SNATCHING,THEFT,23B,Purse-snatching,A,property,I,part_i_property,property,approximate,2001-01-01,,Generated from the published IUCR list by scripts/build_chicago_crosswalk.py. Rule-based first pass; confirm the NIBRS target and the product category.
chi_v1,chi,0890,FROM BUILDING,THEFT,23D,Theft From Building,A,property,I,part_i_property,property,approximate,2001-01-01,,Generated from the published IUCR list by scripts/build_chicago_crosswalk.py. Rule-based first pass; confirm the NIBRS target and the product category.
chi_v1,chi,0895,FROM COIN-OPERATED MACHINE OR DEVICE,THEFT,23E,Theft From Coin-Operated Machine or Device,A,property,I,part_i_property,property,approximate,2001-01-01,,Generated from the published IUCR list by scripts/build_chicago_crosswalk.py. Rule-based first pass; confirm the NIBRS target and the product category.
chi_v1,chi,0910,AUTOMOBILE,MOTOR VEHICLE THEFT,240,Motor Vehicle Theft,A,property,I,part_i_property,property,approximate,2001-01-01,,Generated from the published IUCR list by scripts/build_chicago_crosswalk.py. Rule-based first pass; confirm the NIBRS target and the product category.
chi_v1,chi,0915,"TRUCK, BUS, MOTOR HOME",MOTOR VEHICLE THEFT,240,Motor Vehicle Theft,A,property,I,part_i_property,property,approximate,2001-01-01,,Generated from the published IUCR list by scripts/build_chicago_crosswalk.py. Rule-based first pass; confirm the NIBRS target and the product category.
chi_v1,chi,0917,"CYCLE, SCOOTER, BIKE WITH VIN",MOTOR VEHICLE THEFT,240,Motor Vehicle Theft,A,property,I,part_i_property,property,approximate,2001-01-01,,Generated from the published IUCR list by scripts/build_chicago_crosswalk.py. Rule-based first pass; confirm the NIBRS target and the product category.
chi_v1,chi,0918,"CYCLE, SCOOTER, BIKE NO VIN",MOTOR VEHICLE THEFT,240,Motor Vehicle Theft,A,property,I,part_i_property,property,approximate,2001-01-01,,Generated from the published IUCR list by scripts/build_chicago_crosswalk.py. Rule-based first pass; confirm the NIBRS target and the product category.
chi_v1,chi,0920,ATTEMPT - AUTOMOBILE,MOTOR VEHICLE THEFT,240,Motor Vehicle Theft,A,property,I,part_i_property,property,approximate,2001-01-01,,Generated from the published IUCR list by scripts/build_chicago_crosswalk.py. Rule-based first pass; confirm the NIBRS target and the product category.
chi_v1,chi,0925,"ATTEMPT - TRUCK, BUS, MOTOR HOME",MOTOR VEHICLE THEFT,240,Motor Vehicle Theft,A,property,I,part_i_property,property,approximate,2001-01-01,,Generated from the published IUCR list by scripts/build_chicago_crosswalk.py. Rule-based first pass; confirm the NIBRS target and the product category.
chi_v1,chi,0927,"ATTEMPT - CYCLE, SCOOTER, BIKE WITH VIN",MOTOR VEHICLE THEFT,240,Motor Vehicle Theft,A,property,I,part_i_property,property,approximate,2001-01-01,,Generated from the published IUCR list by scripts/build_chicago_crosswalk.py. Rule-based first pass; confirm the NIBRS target and the product category.
chi_v1,chi,0928,"ATTEMPT - CYCLE, SCOOTER, BIKE NO VIN",MOTOR VEHICLE THEFT,240,Motor Vehicle Theft,A,property,I,part_i_property,property,approximate,2001-01-01,,Generated from the published IUCR list by scripts/build_chicago_crosswalk.py. Rule-based first pass; confirm the NIBRS target and the product category.
chi_v1,chi,0930,THEFT / RECOVERY - AUTOMOBILE,MOTOR VEHICLE THEFT,240,Motor Vehicle Theft,A,property,I,part_i_property,property,approximate,2001-01-01,,Generated from the published IUCR list by scripts/build_chicago_crosswalk.py. Rule-based first pass; confirm the NIBRS target and the product category.
chi_v1,chi,0935,"THEFT / RECOVERY - TRUCK, BUS, MOBILE HOME",MOTOR VEHICLE THEFT,240,Motor Vehicle Theft,A,property,I,part_i_property,property,approximate,2001-01-01,,Generated from the published IUCR list by scripts/build_chicago_crosswalk.py. Rule-based first pass; confirm the NIBRS target and the product category.
chi_v1,chi,0937,"THEFT / RECOVERY - CYCLE, SCOOTER, BIKE WITH VIN",MOTOR VEHICLE THEFT,240,Motor Vehicle Theft,A,property,I,part_i_property,property,approximate,2001-01-01,,Generated from the published IUCR list by scripts/build_chicago_crosswalk.py. Rule-based first pass; confirm the NIBRS target and the product category.
chi_v1,chi,0938,"THEFT / RECOVERY - CYCLE, SCOOTER, BIKE NO VIN",MOTOR VEHICLE THEFT,240,Motor Vehicle Theft,A,property,I,part_i_property,property,approximate,2001-01-01,,Generated from the published IUCR list by scripts/build_chicago_crosswalk.py. Rule-based first pass; confirm the NIBRS target and the product category.
chi_v1,chi,1010,BY EXPLOSIVE,ARSON,200,Arson,A,property,I,part_i_property,property,approximate,2001-01-01,,Generated from the published IUCR list by scripts/build_chicago_crosswalk.py. Rule-based first pass; confirm the NIBRS target and the product category.
chi_v1,chi,1020,BY FIRE,ARSON,200,Arson,A,property,I,part_i_property,property,approximate,2001-01-01,,Generated from the published IUCR list by scripts/build_chicago_crosswalk.py. Rule-based first pass; confirm the NIBRS target and the product category.
chi_v1,chi,1025,AGGRAVATED,ARSON,200,Arson,A,property,I,part_i_property,property,approximate,2001-01-01,,Generated from the published IUCR list by scripts/build_chicago_crosswalk.py. Rule-based first pass; confirm the NIBRS target and the product category.
chi_v1,chi,1030,POSSESSION - EXPLOSIVE / INCENDIARY DEVICE,ARSON,200,Arson,A,property,II,part_i_property,property,approximate,2001-01-01,,Generated from the published IUCR list by scripts/build_chicago_crosswalk.py. Rule-based first pass; confirm the NIBRS target and the product category.
chi_v1,chi,1035,POSSESSION - CHEMICAL / DRY-ICE DEVICE,ARSON,200,Arson,A,property,II,part_i_property,property,approximate,2001-01-01,,Generated from the published IUCR list by scripts/build_chicago_crosswalk.py. Rule-based first pass; confirm the NIBRS target and the product category.
chi_v1,chi,1050,COMMERCIAL SEX ACTS,HUMAN TRAFFICKING,64A,"Human Trafficking, Commercial Sex Acts",A,person,I,part_i_violent,violent,approximate,2001-01-01,,Generated from the published IUCR list by scripts/build_chicago_crosswalk.py. Rule-based first pass; confirm the NIBRS target and the product category.
chi_v1,chi,1055,INVOLUNTARY SERVITUDE,HUMAN TRAFFICKING,64A,"Human Trafficking, Commercial Sex Acts",A,person,I,part_i_violent,violent,approximate,2001-01-01,,Generated from the published IUCR list by scripts/build_chicago_crosswalk.py. Rule-based first pass; confirm the NIBRS target and the product category.
chi_v1,chi,1090,ATTEMPT ARSON,ARSON,200,Arson,A,property,I,part_i_property,property,approximate,2001-01-01,,Generated from the published IUCR list by scripts/build_chicago_crosswalk.py. Rule-based first pass; confirm the NIBRS target and the product category.
chi_v1,chi,1101,PUBLIC AID WIRE/MAIL FRAUD - VIA MAIL/PACKAGE/DELIVERY SYS,DECEPTIVE PRACTICE,26A,False Pretenses/Swindle/Confidence Game,A,property,II,part_ii,property,approximate,2001-01-01,,Generated from the published IUCR list by scripts/build_chicago_crosswalk.py. Rule-based first pass; confirm the NIBRS target and the product category.
chi_v1,chi,1102,PBLC AID WIRE AND MAIL FRAUD- UNLAW OBT PBLC AID,DECEPTIVE PRACTICE,26A,False Pretenses/Swindle/Confidence Game,A,property,II,part_ii,property,approximate,2001-01-01,,Generated from the published IUCR list by scripts/build_chicago_crosswalk.py. Rule-based first pass; confirm the NIBRS target and the product category.
chi_v1,chi,1110,BOGUS CHECK,DECEPTIVE PRACTICE,26A,False Pretenses/Swindle/Confidence Game,A,property,II,part_ii,property,approximate,2001-01-01,,Generated from the published IUCR list by scripts/build_chicago_crosswalk.py. Rule-based first pass; confirm the NIBRS target and the product category.
chi_v1,chi,1120,FORGERY,DECEPTIVE PRACTICE,250,Counterfeiting/Forgery,A,property,II,part_ii,property,approximate,2001-01-01,,Generated from the published IUCR list by scripts/build_chicago_crosswalk.py. Rule-based first pass; confirm the NIBRS target and the product category.
chi_v1,chi,1121,COUNTERFEITING DOCUMENT,DECEPTIVE PRACTICE,250,Counterfeiting/Forgery,A,property,II,part_ii,property,approximate,2001-01-01,,Generated from the published IUCR list by scripts/build_chicago_crosswalk.py. Rule-based first pass; confirm the NIBRS target and the product category.
chi_v1,chi,1122,COUNTERFEIT CHECK,DECEPTIVE PRACTICE,250,Counterfeiting/Forgery,A,property,II,part_ii,property,approximate,2001-01-01,,Generated from the published IUCR list by scripts/build_chicago_crosswalk.py. Rule-based first pass; confirm the NIBRS target and the product category.
chi_v1,chi,1130,FRAUD OR CONFIDENCE GAME,DECEPTIVE PRACTICE,26A,False Pretenses/Swindle/Confidence Game,A,property,II,part_ii,property,approximate,2001-01-01,,Generated from the published IUCR list by scripts/build_chicago_crosswalk.py. Rule-based first pass; confirm the NIBRS target and the product category.
chi_v1,chi,1135,INSURANCE FRAUD,DECEPTIVE PRACTICE,26A,False Pretenses/Swindle/Confidence Game,A,property,II,part_ii,property,approximate,2001-01-01,,Generated from the published IUCR list by scripts/build_chicago_crosswalk.py. Rule-based first pass; confirm the NIBRS target and the product category.
chi_v1,chi,1140,EMBEZZLEMENT,DECEPTIVE PRACTICE,270,Embezzlement,A,property,II,part_ii,property,approximate,2001-01-01,,Generated from the published IUCR list by scripts/build_chicago_crosswalk.py. Rule-based first pass; confirm the NIBRS target and the product category.
chi_v1,chi,1145,INTERNET OFFENSES - INTENT OF ONLINE SALE OF STOLEN PROPERTY,OTHER OFFENSE,280,Stolen Property Offenses,A,property,II,part_ii,property,approximate,2001-01-01,,Generated from the published IUCR list by scripts/build_chicago_crosswalk.py. Rule-based first pass; confirm the NIBRS target and the product category.
chi_v1,chi,1147,INTERNET OFFENSES - ELECTRONIC FENCING,OTHER OFFENSE,90Z,All Other Offenses,B,group_b,II,part_ii,other,ambiguous,2001-01-01,,"NEEDS REVIEW: no rule matched this IUCR primary description, so it carries the residual NIBRS code. Map it or confirm the residual is right."
chi_v1,chi,1150,CREDIT CARD FRAUD,DECEPTIVE PRACTICE,26A,False Pretenses/Swindle/Confidence Game,A,property,II,part_ii,property,approximate,2001-01-01,,Generated from the published IUCR list by scripts/build_chicago_crosswalk.py. Rule-based first pass; confirm the NIBRS target and the product category.
chi_v1,chi,1151,ILLEGAL POSSESSION CASH CARD,DECEPTIVE PRACTICE,26A,False Pretenses/Swindle/Confidence Game,A,property,II,part_ii,property,approximate,2001-01-01,,Generated from the published IUCR list by scripts/build_chicago_crosswalk.py. Rule-based first pass; confirm the NIBRS target and the product category.
chi_v1,chi,1152,ILLEGAL USE CASH CARD,DECEPTIVE PRACTICE,26A,False Pretenses/Swindle/Confidence Game,A,property,II,part_ii,property,approximate,2001-01-01,,Generated from the published IUCR list by scripts/build_chicago_crosswalk.py. Rule-based first pass; confirm the NIBRS target and the product category.
chi_v1,chi,1153,FINANCIAL IDENTITY THEFT OVER $ 300,DECEPTIVE PRACTICE,23H,All Other Larceny,A,property,II,part_i_property,property,approximate,2001-01-01,,Generated from the published IUCR list by scripts/build_chicago_crosswalk.py. Rule-based first pass; confirm the NIBRS target and the product category.
chi_v1,chi,1154,FINANCIAL IDENTITY THEFT $300 AND UNDER,DECEPTIVE PRACTICE,23H,All Other Larceny,A,property,II,part_i_property,property,approximate,2001-01-01,,Generated from the published IUCR list by scripts/build_chicago_crosswalk.py. Rule-based first pass; confirm the NIBRS target and the product category.
chi_v1,chi,1155,AGGRAVATED FINANCIAL IDENTITY THEFT,DECEPTIVE PRACTICE,23H,All Other Larceny,A,property,II,part_i_property,property,approximate,2001-01-01,,Generated from the published IUCR list by scripts/build_chicago_crosswalk.py. Rule-based first pass; confirm the NIBRS target and the product category.
chi_v1,chi,1156,ATTEMPT - FINANCIAL IDENTITY THEFT,DECEPTIVE PRACTICE,23H,All Other Larceny,A,property,II,part_i_property,property,approximate,2001-01-01,,Generated from the published IUCR list by scripts/build_chicago_crosswalk.py. Rule-based first pass; confirm the NIBRS target and the product category.
chi_v1,chi,1160,ALTER COINS,DECEPTIVE PRACTICE,26A,False Pretenses/Swindle/Confidence Game,A,property,II,part_ii,property,approximate,2001-01-01,,Generated from the published IUCR list by scripts/build_chicago_crosswalk.py. Rule-based first pass; confirm the NIBRS target and the product category.
chi_v1,chi,1170,IMPERSONATION,DECEPTIVE PRACTICE,26A,False Pretenses/Swindle/Confidence Game,A,property,II,part_ii,property,approximate,2001-01-01,,Generated from the published IUCR list by scripts/build_chicago_crosswalk.py. Rule-based first pass; confirm the NIBRS target and the product category.
chi_v1,chi,1185,DECEPTIVE COLLECTION PRACTICES,DECEPTIVE PRACTICE,26A,False Pretenses/Swindle/Confidence Game,A,property,II,part_ii,property,approximate,2001-01-01,,Generated from the published IUCR list by scripts/build_chicago_crosswalk.py. Rule-based first pass; confirm the NIBRS target and the product category.
chi_v1,chi,1187,STATE BENEFITS FRAUD,DECEPTIVE PRACTICE,26A,False Pretenses/Swindle/Confidence Game,A,property,II,part_ii,property,approximate,2001-01-01,,Generated from the published IUCR list by scripts/build_chicago_crosswalk.py. Rule-based first pass; confirm the NIBRS target and the product category.
chi_v1,chi,1192,WIC FRAUD,DECEPTIVE PRACTICE,26A,False Pretenses/Swindle/Confidence Game,A,property,II,part_ii,property,approximate,2001-01-01,,Generated from the published IUCR list by scripts/build_chicago_crosswalk.py. Rule-based first pass; confirm the NIBRS target and the product category.
chi_v1,chi,1195,FINANCIAL EXPLOITATION OF AN ELDERLY OR DISABLED PERSON,DECEPTIVE PRACTICE,26A,False Pretenses/Swindle/Confidence Game,A,property,II,part_ii,property,approximate,2001-01-01,,Generated from the published IUCR list by scripts/build_chicago_crosswalk.py. Rule-based first pass; confirm the NIBRS target and the product category.
chi_v1,chi,1197,"FALSE INFO - CERTIFICATION, LICENSING CRIMINAL BACKGROUND EM",DECEPTIVE PRACTICE,26A,False Pretenses/Swindle/Confidence Game,A,property,II,part_ii,property,approximate,2001-01-01,,Generated from the published IUCR list by scripts/build_chicago_crosswalk.py. Rule-based first pass; confirm the NIBRS target and the product category.
chi_v1,chi,1199,"PUBLIC AIR WIRE AND MAIL FRAUD - VIA WIRE, RADIO, TELEVISION",DECEPTIVE PRACTICE,26A,False Pretenses/Swindle/Confidence Game,A,property,II,part_ii,property,approximate,2001-01-01,,Generated from the published IUCR list by scripts/build_chicago_crosswalk.py. Rule-based first pass; confirm the NIBRS target and the product category.
chi_v1,chi,1200,STOLEN PROPERTY BUY / RECEIVE / POSSESS,DECEPTIVE PRACTICE,280,Stolen Property Offenses,A,property,II,part_ii,property,approximate,2001-01-01,,Generated from the published IUCR list by scripts/build_chicago_crosswalk.py. Rule-based first pass; confirm the NIBRS target and the product category.
chi_v1,chi,1205,"THEFT BY LESSEE, NON-MOTOR VEHICLE",DECEPTIVE PRACTICE,23H,All Other Larceny,A,property,II,part_i_property,property,approximate,2001-01-01,,Generated from the published IUCR list by scripts/build_chicago_crosswalk.py. Rule-based first pass; confirm the NIBRS target and the product category.
chi_v1,chi,1206,"THEFT BY LESSEE, MOTOR VEHICLE",DECEPTIVE PRACTICE,23H,All Other Larceny,A,property,II,part_i_property,property,approximate,2001-01-01,,Generated from the published IUCR list by scripts/build_chicago_crosswalk.py. Rule-based first pass; confirm the NIBRS target and the product category.
chi_v1,chi,1210,THEFT OF LABOR / SERVICES,DECEPTIVE PRACTICE,23H,All Other Larceny,A,property,II,part_i_property,property,approximate,2001-01-01,,Generated from the published IUCR list by scripts/build_chicago_crosswalk.py. Rule-based first pass; confirm the NIBRS target and the product category.
chi_v1,chi,1220,THEFT OF LOST / MISLAID PROPERTY,DECEPTIVE PRACTICE,23H,All Other Larceny,A,property,II,part_i_property,property,approximate,2001-01-01,,Generated from the published IUCR list by scripts/build_chicago_crosswalk.py. Rule-based first pass; confirm the NIBRS target and the product category.
chi_v1,chi,1230,POSSESS KEYS OR DEVICE TO COIN MACHINE,DECEPTIVE PRACTICE,26A,False Pretenses/Swindle/Confidence Game,A,property,II,part_ii,property,approximate,2001-01-01,,Generated from the published IUCR list by scripts/build_chicago_crosswalk.py. Rule-based first pass; confirm the NIBRS target and the product category.
chi_v1,chi,1235,UNLAWFUL USE OF RECORDED SOUND,DECEPTIVE PRACTICE,26A,False Pretenses/Swindle/Confidence Game,A,property,II,part_ii,property,approximate,2001-01-01,,Generated from the published IUCR list by scripts/build_chicago_crosswalk.py. Rule-based first pass; confirm the NIBRS target and the product category.
chi_v1,chi,1240,UNLAWFUL USE OF A COMPUTER,DECEPTIVE PRACTICE,26A,False Pretenses/Swindle/Confidence Game,A,property,II,part_ii,property,approximate,2001-01-01,,Generated from the published IUCR list by scripts/build_chicago_crosswalk.py. Rule-based first pass; confirm the NIBRS target and the product category.
chi_v1,chi,1241,AGGRAVATED COMPUTER TAMPERING,DECEPTIVE PRACTICE,26A,False Pretenses/Swindle/Confidence Game,A,property,II,part_ii,property,approximate,2001-01-01,,Generated from the published IUCR list by scripts/build_chicago_crosswalk.py. Rule-based first pass; confirm the NIBRS target and the product category.
chi_v1,chi,1242,COMPUTER FRAUD,DECEPTIVE PRACTICE,26A,False Pretenses/Swindle/Confidence Game,A,property,II,part_ii,property,approximate,2001-01-01,,Generated from the published IUCR list by scripts/build_chicago_crosswalk.py. Rule-based first pass; confirm the NIBRS target and the product category.
chi_v1,chi,1245,PAY TV SERVICE OFFENSES,DECEPTIVE PRACTICE,26A,False Pretenses/Swindle/Confidence Game,A,property,II,part_ii,property,approximate,2001-01-01,,Generated from the published IUCR list by scripts/build_chicago_crosswalk.py. Rule-based first pass; confirm the NIBRS target and the product category.
chi_v1,chi,1255,UNIDENTIFIABLE RECORDING SOUND,DECEPTIVE PRACTICE,26A,False Pretenses/Swindle/Confidence Game,A,property,II,part_ii,property,approximate,2001-01-01,,Generated from the published IUCR list by scripts/build_chicago_crosswalk.py. Rule-based first pass; confirm the NIBRS target and the product category.
chi_v1,chi,1260,LIBRARY THEFT,DECEPTIVE PRACTICE,23H,All Other Larceny,A,property,II,part_i_property,property,approximate,2001-01-01,,Generated from the published IUCR list by scripts/build_chicago_crosswalk.py. Rule-based first pass; confirm the NIBRS target and the product category.
chi_v1,chi,1261,UNAUTHORIZED VIDEOTAPING,DECEPTIVE PRACTICE,26A,False Pretenses/Swindle/Confidence Game,A,property,II,part_ii,property,approximate,2001-01-01,,Generated from the published IUCR list by scripts/build_chicago_crosswalk.py. Rule-based first pass; confirm the NIBRS target and the product category.
chi_v1,chi,1262,UNAUTH VIDEO RECORD/TRANSMIT LIVE VIDEO UNDER/THRU CLOTHES,DECEPTIVE PRACTICE,26A,False Pretenses/Swindle/Confidence Game,A,property,II,part_ii,property,approximate,2001-01-01,,Generated from the published IUCR list by scripts/build_chicago_crosswalk.py. Rule-based first pass; confirm the NIBRS target and the product category.
chi_v1,chi,1263,PLACE VIDEO RECORD/TRANSMIT DEVICE - RESTROOM/TAN SALON/CHNG,DECEPTIVE PRACTICE,26A,False Pretenses/Swindle/Confidence Game,A,property,II,part_ii,property,approximate,2001-01-01,,Generated from the published IUCR list by scripts/build_chicago_crosswalk.py. Rule-based first pass; confirm the NIBRS target and the product category.
chi_v1,chi,1265,LIBRARY VANDALISM,CRIMINAL DAMAGE,290,Destruction/Damage/Vandalism of Property,A,property,II,part_ii,property,approximate,2001-01-01,,Generated from the published IUCR list by scripts/build_chicago_crosswalk.py. Rule-based first pass; confirm the NIBRS target and the product category.
chi_v1,chi,1305,CRIMINAL DEFACEMENT,CRIMINAL DAMAGE,290,Destruction/Damage/Vandalism of Property,A,property,II,part_ii,property,approximate,2001-01-01,,Generated from the published IUCR list by scripts/build_chicago_crosswalk.py. Rule-based first pass; confirm the NIBRS target and the product category.
chi_v1,chi,1310,TO PROPERTY,CRIMINAL DAMAGE,290,Destruction/Damage/Vandalism of Property,A,property,II,part_ii,property,approximate,2001-01-01,,Generated from the published IUCR list by scripts/build_chicago_crosswalk.py. Rule-based first pass; confirm the NIBRS target and the product category.
chi_v1,chi,1320,TO VEHICLE,CRIMINAL DAMAGE,290,Destruction/Damage/Vandalism of Property,A,property,II,part_ii,property,approximate,2001-01-01,,Generated from the published IUCR list by scripts/build_chicago_crosswalk.py. Rule-based first pass; confirm the NIBRS target and the product category.
chi_v1,chi,1330,TO LAND,CRIMINAL TRESPASS,90J,Trespass of Real Property,B,group_b,II,part_ii,quality_of_life,approximate,2001-01-01,,Generated from the published IUCR list by scripts/build_chicago_crosswalk.py. Rule-based first pass; confirm the NIBRS target and the product category.
chi_v1,chi,1335,TO AIRPORT,CRIMINAL TRESPASS,90J,Trespass of Real Property,B,group_b,II,part_ii,quality_of_life,approximate,2001-01-01,,Generated from the published IUCR list by scripts/build_chicago_crosswalk.py. Rule-based first pass; confirm the NIBRS target and the product category.
chi_v1,chi,1340,TO STATE SUPPORTED PROPERTY,CRIMINAL DAMAGE,290,Destruction/Damage/Vandalism of Property,A,property,II,part_ii,property,approximate,2001-01-01,,Generated from the published IUCR list by scripts/build_chicago_crosswalk.py. Rule-based first pass; confirm the NIBRS target and the product category.
chi_v1,chi,1345,TO CITY OF CHICAGO PROPERTY,CRIMINAL DAMAGE,290,Destruction/Damage/Vandalism of Property,A,property,II,part_ii,property,approximate,2001-01-01,,Generated from the published IUCR list by scripts/build_chicago_crosswalk.py. Rule-based first pass; confirm the NIBRS target and the product category.
chi_v1,chi,1350,TO STATE SUP LAND,CRIMINAL TRESPASS,90J,Trespass of Real Property,B,group_b,II,part_ii,quality_of_life,approximate,2001-01-01,,Generated from the published IUCR list by scripts/build_chicago_crosswalk.py. Rule-based first pass; confirm the NIBRS target and the product category.
chi_v1,chi,1360,TO VEHICLE,CRIMINAL TRESPASS,90J,Trespass of Real Property,B,group_b,II,part_ii,quality_of_life,approximate,2001-01-01,,Generated from the published IUCR list by scripts/build_chicago_crosswalk.py. Rule-based first pass; confirm the NIBRS target and the product category.
chi_v1,chi,1365,TO RESIDENCE,CRIMINAL TRESPASS,90J,Trespass of Real Property,B,group_b,II,part_ii,quality_of_life,approximate,2001-01-01,,Generated from the published IUCR list by scripts/build_chicago_crosswalk.py. Rule-based first pass; confirm the NIBRS target and the product category.
chi_v1,chi,1370,TO FIRE FIGHT.APP.EQUIP,CRIMINAL DAMAGE,290,Destruction/Damage/Vandalism of Property,A,property,II,part_ii,property,approximate,2001-01-01,,Generated from the published IUCR list by scripts/build_chicago_crosswalk.py. Rule-based first pass; confirm the NIBRS target and the product category.
chi_v1,chi,1375,INSTITUTIONAL VANDALISM,CRIMINAL DAMAGE,290,Destruction/Damage/Vandalism of Property,A,property,II,part_ii,property,approximate,2001-01-01,,Generated from the published IUCR list by scripts/build_chicago_crosswalk.py. Rule-based first pass; confirm the NIBRS target and the product category.
chi_v1,chi,141A,UNLAWFUL USE - HANDGUN,WEAPONS VIOLATION,520,Weapon Law Violations,A,society,II,part_ii,other,approximate,2001-01-01,,Generated from the published IUCR list by scripts/build_chicago_crosswalk.py. Rule-based first pass; confirm the NIBRS target and the product category.
chi_v1,chi,141B,UNLAWFUL USE - OTHER FIREARM,WEAPONS VIOLATION,520,Weapon Law Violations,A,society,II,part_ii,other,approximate,2001-01-01,,Generated from the published IUCR list by scripts/build_chicago_crosswalk.py. Rule-based first pass; confirm the NIBRS target and the product category.
chi_v1,chi,141C,UNLAWFUL USE - OTHER DANGEROUS WEAPON,WEAPONS VIOLATION,520,Weapon Law Violations,A,society,II,part_ii,other,approximate,2001-01-01,,Generated from the published IUCR list by scripts/build_chicago_crosswalk.py. Rule-based first pass; confirm the NIBRS target and the product category.
chi_v1,chi,142A,UNLAWFUL SALE - HANDGUN,WEAPONS VIOLATION,520,Weapon Law Violations,A,society,II,part_ii,other,approximate,2001-01-01,,Generated from the published IUCR list by scripts/build_chicago_crosswalk.py. Rule-based first pass; confirm the NIBRS target and the product category.
chi_v1,chi,142B,UNLAWFUL SALE - OTHER FIREARM,WEAPONS VIOLATION,520,Weapon Law Violations,A,society,II,part_ii,other,approximate,2001-01-01,,Generated from the published IUCR list by scripts/build_chicago_crosswalk.py. Rule-based first pass; confirm the NIBRS target and the product category.
chi_v1,chi,1435,UNLAWFUL SALE - DELIVERY OF FIREARM AT SCHOOL,WEAPONS VIOLATION,520,Weapon Law Violations,A,society,II,part_ii,other,approximate,2001-01-01,,Generated from the published IUCR list by scripts/build_chicago_crosswalk.py. Rule-based first pass; confirm the NIBRS target and the product category.
chi_v1,chi,143A,UNLAWFUL POSSESSION - HANDGUN,WEAPONS VIOLATION,520,Weapon Law Violations,A,society,II,part_ii,other,approximate,2001-01-01,,Generated from the published IUCR list by scripts/build_chicago_crosswalk.py. Rule-based first pass; confirm the NIBRS target and the product category.
chi_v1,chi,143B,UNLAWFUL POSSESSION - OTHER FIREARM,WEAPONS VIOLATION,520,Weapon Law Violations,A,society,II,part_ii,other,approximate,2001-01-01,,Generated from the published IUCR list by scripts/build_chicago_crosswalk.py. Rule-based first pass; confirm the NIBRS target and the product category.
chi_v1,chi,143C,UNLAWFUL POSSESSION - AMMUNITION,WEAPONS VIOLATION,520,Weapon Law Violations,A,society,II,part_ii,other,approximate,2001-01-01,,Generated from the published IUCR list by scripts/build_chicago_crosswalk.py. Rule-based first pass; confirm the NIBRS target and the product category.
chi_v1,chi,1440,REGISTER OF SALES BY DEALER,WEAPONS VIOLATION,520,Weapon Law Violations,A,society,II,part_ii,other,approximate,2001-01-01,,Generated from the published IUCR list by scripts/build_chicago_crosswalk.py. Rule-based first pass; confirm the NIBRS target and the product category.
chi_v1,chi,1450,DEFACE IDENTIFICATION MARKS OF FIREARM,WEAPONS VIOLATION,520,Weapon Law Violations,A,society,II,part_ii,other,approximate,2001-01-01,,Generated from the published IUCR list by scripts/build_chicago_crosswalk.py. Rule-based first pass; confirm the NIBRS target and the product category.
chi_v1,chi,1460,POSSESS FIREARM / AMMUNITION - NO FOID CARD,WEAPONS VIOLATION,520,Weapon Law Violations,A,society,II,part_ii,other,approximate,2001-01-01,,Generated from the published IUCR list by scripts/build_chicago_crosswalk.py. Rule-based first pass; confirm the NIBRS target and the product category.
chi_v1,chi,1475,SALE OF METAL PIERCING BULLETS,WEAPONS VIOLATION,520,Weapon Law Violations,A,society,II,part_ii,other,approximate,2001-01-01,,Generated from the published IUCR list by scripts/build_chicago_crosswalk.py. Rule-based first pass; confirm the NIBRS target and the product category.
chi_v1,chi,1476,USE OF METAL PIERCING BULLETS,WEAPONS VIOLATION,520,Weapon Law Violations,A,society,II,part_ii,other,approximate,2001-01-01,,Generated from the published IUCR list by scripts/build_chicago_crosswalk.py. Rule-based first pass; confirm the NIBRS target and the product category.
chi_v1,chi,1477,RECKLESS FIREARM DISCHARGE,WEAPONS VIOLATION,520,Weapon Law Violations,A,society,II,part_ii,other,approximate,2001-01-01,,Generated from the published IUCR list by scripts/build_chicago_crosswalk.py. Rule-based first pass; confirm the NIBRS target and the product category.
chi_v1,chi,1478,PROHIBITED PLACES,CONCEALED CARRY LICENSE VIOLATION,520,Weapon Law Violations,A,society,II,part_ii,other,approximate,2001-01-01,,Generated from the published IUCR list by scripts/build_chicago_crosswalk.py. Rule-based first pass; confirm the NIBRS target and the product category.
chi_v1,chi,1479,ARMED WHILE UNDER THE INFLUENCE,CONCEALED CARRY LICENSE VIOLATION,520,Weapon Law Violations,A,society,II,part_ii,other,approximate,2001-01-01,,Generated from the published IUCR list by scripts/build_chicago_crosswalk.py. Rule-based first pass; confirm the NIBRS target and the product category.
chi_v1,chi,1480,OTHER,CONCEALED CARRY LICENSE VIOLATION,520,Weapon Law Violations,A,society,II,part_ii,other,approximate,2001-01-01,,Generated from the published IUCR list by scripts/build_chicago_crosswalk.py. Rule-based first pass; confirm the NIBRS target and the product category.
chi_v1,chi,1481,CONCEALED CARRY LICENSE REVOCATION,NON-CRIMINAL,520,Weapon Law Violations,A,society,II,part_ii,other,approximate,2001-01-01,,Generated from the published IUCR list by scripts/build_chicago_crosswalk.py. Rule-based first pass; confirm the NIBRS target and the product category.
chi_v1,chi,1504,SOLICITATION OF A SEXUAL ACT,SEX OFFENSE,11D,Fondling,A,person,II,part_ii,violent,approximate,2001-01-01,,Generated from the published IUCR list by scripts/build_chicago_crosswalk.py. Rule-based first pass; confirm the NIBRS target and the product category.
chi_v1,chi,1505,CALL OPERATION,PROSTITUTION,40A,Prostitution,A,society,II,part_ii,quality_of_life,approximate,2001-01-01,,Generated from the published IUCR list by scripts/build_chicago_crosswalk.py. Rule-based first pass; confirm the NIBRS target and the product category.
chi_v1,chi,1506,SOLICIT ON PUBLIC WAY,PROSTITUTION,40A,Prostitution,A,society,II,part_ii,quality_of_life,approximate,2001-01-01,,Generated from the published IUCR list by scripts/build_chicago_crosswalk.py. Rule-based first pass; confirm the NIBRS target and the product category.
chi_v1,chi,1507,SOLICIT OFF PUBLIC WAY,PROSTITUTION,40A,Prostitution,A,society,II,part_ii,quality_of_life,approximate,2001-01-01,,Generated from the published IUCR list by scripts/build_chicago_crosswalk.py. Rule-based first pass; confirm the NIBRS target and the product category.
chi_v1,chi,1510,CAB OPERATION,PROSTITUTION,40A,Prostitution,A,society,II,part_ii,quality_of_life,approximate,2001-01-01,,Generated from the published IUCR list by scripts/build_chicago_crosswalk.py. Rule-based first pass; confirm the NIBRS target and the product category.
chi_v1,chi,1511,IN TAVERN,PROSTITUTION,40A,Prostitution,A,society,II,part_ii,quality_of_life,approximate,2001-01-01,,Generated from the published IUCR list by scripts/build_chicago_crosswalk.py. Rule-based first pass; confirm the NIBRS target and the product category.
chi_v1,chi,1512,SOLICITING FOR A PROSTITUTE,PROSTITUTION,40A,Prostitution,A,society,II,part_ii,quality_of_life,approximate,2001-01-01,,Generated from the published IUCR list by scripts/build_chicago_crosswalk.py. Rule-based first pass; confirm the NIBRS target and the product category.
chi_v1,chi,1513,SOLICITING FOR BUSINESS,PROSTITUTION,40A,Prostitution,A,society,II,part_ii,quality_of_life,approximate,2001-01-01,,Generated from the published IUCR list by scripts/build_chicago_crosswalk.py. Rule-based first pass; confirm the NIBRS target and the product category.
chi_v1,chi,1515,PANDERING,PROSTITUTION,40A,Prostitution,A,society,II,part_ii,quality_of_life,approximate,2001-01-01,,Generated from the published IUCR list by scripts/build_chicago_crosswalk.py. Rule-based first pass; confirm the NIBRS target and the product category.
chi_v1,chi,1518,POST GRAPHIC INFO PORGNOGRAPHIC INTERNET OR POSS GRAPHIC INF,OBSCENITY,370,Pornography/Obscene Material,A,society,II,part_ii,other,approximate,2001-01-01,,Generated from the published IUCR list by scripts/build_chicago_crosswalk.py. Rule-based first pass; confirm the NIBRS target and the product category.
chi_v1,chi,1519,DISTRIBUTION PHOTOGRAPH DEPICTING SEX ORGANS OF CHILD,OFFENSE INVOLVING CHILDREN,90F,"Family Offenses, Nonviolent",B,group_b,II,part_ii,other,approximate,2001-01-01,,Generated from the published IUCR list by scripts/build_chicago_crosswalk.py. Rule-based first pass; confirm the NIBRS target and the product category.
chi_v1,chi,1520,KEEPING PLACE OF PROSTITUTION,PROSTITUTION,40A,Prostitution,A,society,II,part_ii,quality_of_life,approximate,2001-01-01,,Generated from the published IUCR list by scripts/build_chicago_crosswalk.py. Rule-based first pass; confirm the NIBRS target and the product category.
chi_v1,chi,1521,KEEPING PLACE OF JUVENILE PROSTITUTION,PROSTITUTION,40A,Prostitution,A,society,II,part_ii,quality_of_life,approximate,2001-01-01,,Generated from the published IUCR list by scripts/build_chicago_crosswalk.py. Rule-based first pass; confirm the NIBRS target and the product category.
chi_v1,chi,1525,PATRONIZING A PROSTITUTE,PROSTITUTION,40A,Prostitution,A,society,II,part_ii,quality_of_life,approximate,2001-01-01,,Generated from the published IUCR list by scripts/build_chicago_crosswalk.py. Rule-based first pass; confirm the NIBRS target and the product category.
chi_v1,chi,1526,PATRONIZING A JUVENILE PROSTITUTE,PROSTITUTION,40A,Prostitution,A,society,II,part_ii,quality_of_life,approximate,2001-01-01,,Generated from the published IUCR list by scripts/build_chicago_crosswalk.py. Rule-based first pass; confirm the NIBRS target and the product category.
chi_v1,chi,1530,PIMPING,PROSTITUTION,40A,Prostitution,A,society,II,part_ii,quality_of_life,approximate,2001-01-01,,Generated from the published IUCR list by scripts/build_chicago_crosswalk.py. Rule-based first pass; confirm the NIBRS target and the product category.
chi_v1,chi,1531,JUVENILE PIMPING,PROSTITUTION,40A,Prostitution,A,society,II,part_ii,quality_of_life,approximate,2001-01-01,,Generated from the published IUCR list by scripts/build_chicago_crosswalk.py. Rule-based first pass; confirm the NIBRS target and the product category.
chi_v1,chi,1535,OBSCENITY,OBSCENITY,370,Pornography/Obscene Material,A,society,II,part_ii,other,approximate,2001-01-01,,Generated from the published IUCR list by scripts/build_chicago_crosswalk.py. Rule-based first pass; confirm the NIBRS target and the product category.
chi_v1,chi,1536,LICENSED PREMISE,PUBLIC INDECENCY,90Z,All Other Offenses,B,group_b,II,part_ii,quality_of_life,approximate,2001-01-01,,Generated from the published IUCR list by scripts/build_chicago_crosswalk.py. Rule-based first pass; confirm the NIBRS target and the product category.
chi_v1,chi,1537,POSSESSION OF PORNOGRAPHIC PRINT,OFFENSE INVOLVING CHILDREN,370,Pornography/Obscene Material,A,society,II,part_ii,other,approximate,2001-01-01,,Generated from the published IUCR list by scripts/build_chicago_crosswalk.py. Rule-based first pass; confirm the NIBRS target and the product category.
chi_v1,chi,1540,OBSCENE MATTER,OBSCENITY,370,Pornography/Obscene Material,A,society,II,part_ii,other,approximate,2001-01-01,,Generated from the published IUCR list by scripts/build_chicago_crosswalk.py. Rule-based first pass; confirm the NIBRS target and the product category.
chi_v1,chi,1541,SALE / DISTRIBUTE OBSCENE MATERIAL TO MINOR,OBSCENITY,370,Pornography/Obscene Material,A,society,II,part_ii,other,approximate,2001-01-01,,Generated from the published IUCR list by scripts/build_chicago_crosswalk.py. Rule-based first pass; confirm the NIBRS target and the product category.
chi_v1,chi,1542,SALE OF OBSCENE MATERIALS,OBSCENITY,370,Pornography/Obscene Material,A,society,II,part_ii,other,approximate,2001-01-01,,Generated from the published IUCR list by scripts/build_chicago_crosswalk.py. Rule-based first pass; confirm the NIBRS target and the product category.
chi_v1,chi,1544,SEXUAL EXPLOITATION OF A CHILD,SEX OFFENSE,11D,Fondling,A,person,II,part_ii,violent,approximate,2001-01-01,,Generated from the published IUCR list by scripts/build_chicago_crosswalk.py. Rule-based first pass; confirm the NIBRS target and the product category.
chi_v1,chi,1549,OTHER PROSTITUTION OFFENSE,PROSTITUTION,40A,Prostitution,A,society,II,part_ii,quality_of_life,approximate,2001-01-01,,Generated from the published IUCR list by scripts/build_chicago_crosswalk.py. Rule-based first pass; confirm the NIBRS target and the product category.
chi_v1,chi,1562,AGGRAVATED CRIMINAL SEXUAL ABUSE,SEX OFFENSE,11D,Fondling,A,person,II,part_ii,violent,approximate,2001-01-01,,Generated from the published IUCR list by scripts/build_chicago_crosswalk.py. Rule-based first pass; confirm the NIBRS target and the product category.
chi_v1,chi,1563,CRIMINAL SEXUAL ABUSE,SEX OFFENSE,11D,Fondling,A,person,II,part_ii,violent,approximate,2001-01-01,,Generated from the published IUCR list by scripts/build_chicago_crosswalk.py. Rule-based first pass; confirm the NIBRS target and the product category.
chi_v1,chi,1564,CRIMINAL TRANSMISSION OF HIV,SEX OFFENSE,11D,Fondling,A,person,II,part_ii,violent,approximate,2001-01-01,,Generated from the published IUCR list by scripts/build_chicago_crosswalk.py. Rule-based first pass; confirm the NIBRS target and the product category.
chi_v1,chi,1565,INDECENT SOLICITATION OF A CHILD,SEX OFFENSE,11D,Fondling,A,person,II,part_ii,violent,approximate,2001-01-01,,Generated from the published IUCR list by scripts/build_chicago_crosswalk.py. Rule-based first pass; confirm the NIBRS target and the product category.
chi_v1,chi,1566,INDECENT SOLICITATION OF AN ADULT,SEX OFFENSE,11D,Fondling,A,person,II,part_ii,violent,approximate,2001-01-01,,Generated from the published IUCR list by scripts/build_chicago_crosswalk.py. Rule-based first pass; confirm the NIBRS target and the product category.
chi_v1,chi,1570,PUBLIC INDECENCY,SEX OFFENSE,11D,Fondling,A,person,II,part_ii,violent,approximate,2001-01-01,,Generated from the published IUCR list by scripts/build_chicago_crosswalk.py. Rule-based first pass; confirm the NIBRS target and the product category.
chi_v1,chi,1572,ADULTRY,SEX OFFENSE,11D,Fondling,A,person,II,part_ii,violent,approximate,2001-01-01,,Generated from the published IUCR list by scripts/build_chicago_crosswalk.py. Rule-based first pass; confirm the NIBRS target and the product category.
chi_v1,chi,1573,CRIMINAL SEXUAL ABUSE - SEXUAL PENETRATION,SEX OFFENSE,11D,Fondling,A,person,II,part_ii,violent,approximate,2001-01-01,,Generated from the published IUCR list by scripts/build_chicago_crosswalk.py. Rule-based first pass; confirm the NIBRS target and the product category.
chi_v1,chi,1574,FORNICATION,SEX OFFENSE,11D,Fondling,A,person,II,part_ii,violent,approximate,2001-01-01,,Generated from the published IUCR list by scripts/build_chicago_crosswalk.py. Rule-based first pass; confirm the NIBRS target and the product category.
chi_v1,chi,1576,BIGAMY,SEX OFFENSE,11D,Fondling,A,person,II,part_ii,violent,approximate,2001-01-01,,Generated from the published IUCR list by scripts/build_chicago_crosswalk.py. Rule-based first pass; confirm the NIBRS target and the product category.
chi_v1,chi,1577,CRIM SEX ABUSE-PENETRATE - OFF < 5 YRS OLDER - VIC 13-16 YOA,SEX OFFENSE,11D,Fondling,A,person,II,part_ii,violent,approximate,2001-01-01,,Generated from the published IUCR list by scripts/build_chicago_crosswalk.py. Rule-based first pass; confirm the NIBRS target and the product category.
chi_v1,chi,1578,MARRYING A BIGAMIST,SEX OFFENSE,11D,Fondling,A,person,II,part_ii,violent,approximate,2001-01-01,,Generated from the published IUCR list by scripts/build_chicago_crosswalk.py. Rule-based first pass; confirm the NIBRS target and the product category.
chi_v1,chi,1580,SEXUAL RELATIONS IN FAMILY,SEX OFFENSE,11D,Fondling,A,person,II,part_ii,violent,approximate,2001-01-01,,Generated from the published IUCR list by scripts/build_chicago_crosswalk.py. Rule-based first pass; confirm the NIBRS target and the product category.
chi_v1,chi,1581,NON-CONSENSUAL DISSEMINATION OF PRIVATE SEXUAL IMAGES,SEX OFFENSE,11D,Fondling,A,person,II,part_ii,violent,approximate,2001-01-01,,Generated from the published IUCR list by scripts/build_chicago_crosswalk.py. Rule-based first pass; confirm the NIBRS target and the product category.
chi_v1,chi,1582,CHILD PORNOGRAPHY,OFFENSE INVOLVING CHILDREN,370,Pornography/Obscene Material,A,society,II,part_ii,other,approximate,2001-01-01,,Generated from the published IUCR list by scripts/build_chicago_crosswalk.py. Rule-based first pass; confirm the NIBRS target and the product category.
chi_v1,chi,1585,OTHER,SEX OFFENSE,11D,Fondling,A,person,II,part_ii,violent,approximate,2001-01-01,,Generated from the published IUCR list by scripts/build_chicago_crosswalk.py. Rule-based first pass; confirm the NIBRS target and the product category.
chi_v1,chi,1590,ATTEMPT AGGRAVATED CRIMINAL SEXUAL ABUSE,SEX OFFENSE,11D,Fondling,A,person,II,part_ii,violent,approximate,2001-01-01,,Generated from the published IUCR list by scripts/build_chicago_crosswalk.py. Rule-based first pass; confirm the NIBRS target and the product category.
chi_v1,chi,1599,AGG CRIM SEX ABUSE - VIC 13-16 YOA - OFF 5 YR OLDER PENETRAT,SEX OFFENSE,11D,Fondling,A,person,II,part_ii,violent,approximate,2001-01-01,,Generated from the published IUCR list by scripts/build_chicago_crosswalk.py. Rule-based first pass; confirm the NIBRS target and the product category.
chi_v1,chi,1610,BOOKMAKING / HORSES,GAMBLING,39A,Betting/Wagering,A,society,II,part_ii,quality_of_life,approximate,2001-01-01,,Generated from the published IUCR list by scripts/build_chicago_crosswalk.py. Rule-based first pass; confirm the NIBRS target and the product category.
chi_v1,chi,1611,BOOKMAKING / SPORTS,GAMBLING,39A,Betting/Wagering,A,society,II,part_ii,quality_of_life,approximate,2001-01-01,,Generated from the published IUCR list by scripts/build_chicago_crosswalk.py. Rule-based first pass; confirm the NIBRS target and the product category.
chi_v1,chi,1620,BOLITA OR BOLI PUL / OFFICE,GAMBLING,39A,Betting/Wagering,A,society,II,part_ii,quality_of_life,approximate,2001-01-01,,Generated from the published IUCR list by scripts/build_chicago_crosswalk.py. Rule-based first pass; confirm the NIBRS target and the product category.
chi_v1,chi,1621,BOLITA OR BOLI PUL / RUNNER,GAMBLING,39A,Betting/Wagering,A,society,II,part_ii,quality_of_life,approximate,2001-01-01,,Generated from the published IUCR list by scripts/build_chicago_crosswalk.py. Rule-based first pass; confirm the NIBRS target and the product category.
chi_v1,chi,1622,BOLITA OR BOLI PUL / WRITER,GAMBLING,39A,Betting/Wagering,A,society,II,part_ii,quality_of_life,approximate,2001-01-01,,Generated from the published IUCR list by scripts/build_chicago_crosswalk.py. Rule-based first pass; confirm the NIBRS target and the product category.
chi_v1,chi,1623,BOLITA OR BOLI PUL / STATION,GAMBLING,39A,Betting/Wagering,A,society,II,part_ii,quality_of_life,approximate,2001-01-01,,Generated from the published IUCR list by scripts/build_chicago_crosswalk.py. Rule-based first pass; confirm the NIBRS target and the product category.
chi_v1,chi,1624,LOTTERY / PARI-MUTUEL,GAMBLING,39A,Betting/Wagering,A,society,II,part_ii,quality_of_life,approximate,2001-01-01,,Generated from the published IUCR list by scripts/build_chicago_crosswalk.py. Rule-based first pass; confirm the NIBRS target and the product category.
chi_v1,chi,1625,NATIONAL LOTTERY,GAMBLING,39A,Betting/Wagering,A,society,II,part_ii,quality_of_life,approximate,2001-01-01,,Generated from the published IUCR list by scripts/build_chicago_crosswalk.py. Rule-based first pass; confirm the NIBRS target and the product category.
chi_v1,chi,1626,ILLEGAL ILLINOIS LOTTERY,GAMBLING,39A,Betting/Wagering,A,society,II,part_ii,quality_of_life,approximate,2001-01-01,,Generated from the published IUCR list by scripts/build_chicago_crosswalk.py. Rule-based first pass; confirm the NIBRS target and the product category.
chi_v1,chi,1627,LOTTERY / OTHER,GAMBLING,39A,Betting/Wagering,A,society,II,part_ii,quality_of_life,approximate,2001-01-01,,Generated from the published IUCR list by scripts/build_chicago_crosswalk.py. Rule-based first pass; confirm the NIBRS target and the product category.
chi_v1,chi,1630,WIREROOM / HORSES,GAMBLING,39A,Betting/Wagering,A,society,II,part_ii,quality_of_life,approximate,2001-01-01,,Generated from the published IUCR list by scripts/build_chicago_crosswalk.py. Rule-based first pass; confirm the NIBRS target and the product category.
chi_v1,chi,1631,WIREROOM / SPORTS,GAMBLING,39A,Betting/Wagering,A,society,II,part_ii,quality_of_life,approximate,2001-01-01,,Generated from the published IUCR list by scripts/build_chicago_crosswalk.py. Rule-based first pass; confirm the NIBRS target and the product category.
chi_v1,chi,1632,WIREROOM / NUMBERS,GAMBLING,39A,Betting/Wagering,A,society,II,part_ii,quality_of_life,approximate,2001-01-01,,Generated from the published IUCR list by scripts/build_chicago_crosswalk.py. Rule-based first pass; confirm the NIBRS target and the product category.
chi_v1,chi,1633,SPORTS TAMPERING,GAMBLING,39A,Betting/Wagering,A,society,II,part_ii,quality_of_life,approximate,2001-01-01,,Generated from the published IUCR list by scripts/build_chicago_crosswalk.py. Rule-based first pass; confirm the NIBRS target and the product category.
chi_v1,chi,1640,REGISTER FEDERAL GAMBLING STAMP,GAMBLING,39A,Betting/Wagering,A,society,II,part_ii,quality_of_life,approximate,2001-01-01,,Generated from the published IUCR list by scripts/build_chicago_crosswalk.py. Rule-based first pass; confirm the NIBRS target and the product category.
chi_v1,chi,1650,VIOLATION OF CHARITABLE GAME ACT,GAMBLING,39A,Betting/Wagering,A,society,II,part_ii,quality_of_life,approximate,2001-01-01,,Generated from the published IUCR list by scripts/build_chicago_crosswalk.py. Rule-based first pass; confirm the NIBRS target and the product category.
chi_v1,chi,1651,GAME/CARDS,GAMBLING,39A,Betting/Wagering,A,society,II,part_ii,quality_of_life,approximate,2001-01-01,,Generated from the published IUCR list by scripts/build_chicago_crosswalk.py. Rule-based first pass; confirm the NIBRS target and the product category.
chi_v1,chi,1661,GAME/DICE,GAMBLING,39A,Betting/Wagering,A,society,II,part_ii,quality_of_life,approximate,2001-01-01,,Generated from the published IUCR list by scripts/build_chicago_crosswalk.py. Rule-based first pass; confirm the NIBRS target and the product category.
chi_v1,chi,1670,GAME / AMUSEMENT DEVICE,GAMBLING,39A,Betting/Wagering,A,society,II,part_ii,quality_of_life,approximate,2001-01-01,,Generated from the published IUCR list by scripts/build_chicago_crosswalk.py. Rule-based first pass; confirm the NIBRS target and the product category.
chi_v1,chi,1680,OTHER,GAMBLING,39A,Betting/Wagering,A,society,II,part_ii,quality_of_life,approximate,2001-01-01,,Generated from the published IUCR list by scripts/build_chicago_crosswalk.py. Rule-based first pass; confirm the NIBRS target and the product category.
chi_v1,chi,1681,LOTTERY / PARLAY CARDS,GAMBLING,39A,Betting/Wagering,A,society,II,part_ii,quality_of_life,approximate,2001-01-01,,Generated from the published IUCR list by scripts/build_chicago_crosswalk.py. Rule-based first pass; confirm the NIBRS target and the product category.
chi_v1,chi,1682,ANIMAL FIGHTING,OTHER OFFENSE,720,Animal Cruelty,A,society,II,part_ii,other,approximate,2001-01-01,,Generated from the published IUCR list by scripts/build_chicago_crosswalk.py. Rule-based first pass; confirm the NIBRS target and the product category.
chi_v1,chi,1683,PARTICIPATE IN/OFFICIATE/CONNECTED WITH CONTEST ACCEPT BRIBE,GAMBLING,39A,Betting/Wagering,A,society,II,part_ii,quality_of_life,approximate,2001-01-01,,Generated from the published IUCR list by scripts/build_chicago_crosswalk.py. Rule-based first pass; confirm the NIBRS target and the product category.
chi_v1,chi,1684,BRIBERY IN ATHLETIC CONTESTS - FAILURE TO REPORT BRIBE,GAMBLING,39A,Betting/Wagering,A,society,II,part_ii,quality_of_life,approximate,2001-01-01,,Generated from the published IUCR list by scripts/build_chicago_crosswalk.py. Rule-based first pass; confirm the NIBRS target and the product category.
chi_v1,chi,1690,POLICY / HOUSEBOOK,GAMBLING,39A,Betting/Wagering,A,society,II,part_ii,quality_of_life,approximate,2001-01-01,,Generated from the published IUCR list by scripts/build_chicago_crosswalk.py. Rule-based first pass; confirm the NIBRS target and the product category.
chi_v1,chi,1691,POLICY / STATION,GAMBLING,39A,Betting/Wagering,A,society,II,part_ii,quality_of_life,approximate,2001-01-01,,Generated from the published IUCR list by scripts/build_chicago_crosswalk.py. Rule-based first pass; confirm the NIBRS target and the product category.
chi_v1,chi,1692,POLICY / RUNNER,GAMBLING,39A,Betting/Wagering,A,society,II,part_ii,quality_of_life,approximate,2001-01-01,,Generated from the published IUCR list by scripts/build_chicago_crosswalk.py. Rule-based first pass; confirm the NIBRS target and the product category.
chi_v1,chi,1693,POLICY / TURN-IN,GAMBLING,39A,Betting/Wagering,A,society,II,part_ii,quality_of_life,approximate,2001-01-01,,Generated from the published IUCR list by scripts/build_chicago_crosswalk.py. Rule-based first pass; confirm the NIBRS target and the product category.
chi_v1,chi,1694,POLICY / OFFICE,GAMBLING,39A,Betting/Wagering,A,society,II,part_ii,quality_of_life,approximate,2001-01-01,,Generated from the published IUCR list by scripts/build_chicago_crosswalk.py. Rule-based first pass; confirm the NIBRS target and the product category.
chi_v1,chi,1695,POLICY / PRESS,GAMBLING,39A,Betting/Wagering,A,society,II,part_ii,quality_of_life,approximate,2001-01-01,,Generated from the published IUCR list by scripts/build_chicago_crosswalk.py. Rule-based first pass; confirm the NIBRS target and the product category.
chi_v1,chi,1696,POLICY / WHEEL,GAMBLING,39A,Betting/Wagering,A,society,II,part_ii,quality_of_life,approximate,2001-01-01,,Generated from the published IUCR list by scripts/build_chicago_crosswalk.py. Rule-based first pass; confirm the NIBRS target and the product category.
chi_v1,chi,1697,POLICY / OTHER,GAMBLING,39A,Betting/Wagering,A,society,II,part_ii,quality_of_life,approximate,2001-01-01,,Generated from the published IUCR list by scripts/build_chicago_crosswalk.py. Rule-based first pass; confirm the NIBRS target and the product category.
chi_v1,chi,1710,ENDANGERING LIFE / HEALTH OF CHILD,OFFENSE INVOLVING CHILDREN,90F,"Family Offenses, Nonviolent",B,group_b,II,part_ii,other,approximate,2001-01-01,,Generated from the published IUCR list by scripts/build_chicago_crosswalk.py. Rule-based first pass; confirm the NIBRS target and the product category.
chi_v1,chi,1715,SALE OF TOBACCO PRODUCTS TO MINOR,OFFENSE INVOLVING CHILDREN,90F,"Family Offenses, Nonviolent",B,group_b,II,part_ii,other,approximate,2001-01-01,,Generated from the published IUCR list by scripts/build_chicago_crosswalk.py. Rule-based first pass; confirm the NIBRS target and the product category.
chi_v1,chi,1720,CONTRIBUTE TO THE DELINQUENCY OF CHILD,OFFENSE INVOLVING CHILDREN,90F,"Family Offenses, Nonviolent",B,group_b,II,part_ii,other,approximate,2001-01-01,,Generated from the published IUCR list by scripts/build_chicago_crosswalk.py. Rule-based first pass; confirm the NIBRS target and the product category.
chi_v1,chi,1725,CONTRIBUTE TO THE CRIMINAL DELINQUENCY OF CHILD,OFFENSE INVOLVING CHILDREN,90F,"Family Offenses, Nonviolent",B,group_b,II,part_ii,other,approximate,2001-01-01,,Generated from the published IUCR list by scripts/build_chicago_crosswalk.py. Rule-based first pass; confirm the NIBRS target and the product category.
chi_v1,chi,1726,MINOR DISSEMINATE INDECENT DEPICT ANOTHER MINOR ELEC DEVICE,OFFENSE INVOLVING CHILDREN,90F,"Family Offenses, Nonviolent",B,group_b,II,part_ii,other,approximate,2001-01-01,,Generated from the published IUCR list by scripts/build_chicago_crosswalk.py. Rule-based first pass; confirm the NIBRS target and the product category.
chi_v1,chi,1750,CHILD ABUSE,OFFENSE INVOLVING CHILDREN,90F,"Family Offenses, Nonviolent",B,group_b,II,part_ii,other,approximate,2001-01-01,,Generated from the published IUCR list by scripts/build_chicago_crosswalk.py. Rule-based first pass; confirm the NIBRS target and the product category.
chi_v1,chi,1751,CRIMINAL SEXUAL ABUSE BY FAMILY MEMBER,OFFENSE INVOLVING CHILDREN,11D,Fondling,A,person,II,part_ii,violent,approximate,2001-01-01,,Generated from the published IUCR list by scripts/build_chicago_crosswalk.py. Rule-based first pass; confirm the NIBRS target and the product category.
chi_v1,chi,1752,AGGRAVATED CRIMINAL SEXUAL ABUSE BY FAMILY MEMBER,OFFENSE INVOLVING CHILDREN,11D,Fondling,A,person,II,part_ii,violent,approximate,2001-01-01,,Generated from the published IUCR list by scripts/build_chicago_crosswalk.py. Rule-based first pass; confirm the NIBRS target and the product category.
chi_v1,chi,1753,SEXUAL ASSAULT OF CHILD BY FAMILY MEMBER,OFFENSE INVOLVING CHILDREN,11A,Rape,A,person,I,part_i_violent,violent,approximate,2001-01-01,,Generated from the published IUCR list by scripts/build_chicago_crosswalk.py. Rule-based first pass; confirm the NIBRS target and the product category.
chi_v1,chi,1754,AGGRAVATED SEXUAL ASSAULT OF CHILD BY FAMILY MEMBER,OFFENSE INVOLVING CHILDREN,11A,Rape,A,person,I,part_i_violent,violent,approximate,2001-01-01,,Generated from the published IUCR list by scripts/build_chicago_crosswalk.py. Rule-based first pass; confirm the NIBRS target and the product category.
chi_v1,chi,1755,CHILD ABANDONMENT,OFFENSE INVOLVING CHILDREN,90F,"Family Offenses, Nonviolent",B,group_b,II,part_ii,other,approximate,2001-01-01,,Generated from the published IUCR list by scripts/build_chicago_crosswalk.py. Rule-based first pass; confirm the NIBRS target and the product category.
chi_v1,chi,1775,SALE OF TRAVEL TICKET TO MINOR,OFFENSE INVOLVING CHILDREN,90F,"Family Offenses, Nonviolent",B,group_b,II,part_ii,other,approximate,2001-01-01,,Generated from the published IUCR list by scripts/build_chicago_crosswalk.py. Rule-based first pass; confirm the NIBRS target and the product category.
chi_v1,chi,1780,OTHER OFFENSE,OFFENSE INVOLVING CHILDREN,90F,"Family Offenses, Nonviolent",B,group_b,II,part_ii,other,approximate,2001-01-01,,Generated from the published IUCR list by scripts/build_chicago_crosswalk.py. Rule-based first pass; confirm the NIBRS target and the product category.
chi_v1,chi,1790,CHILD ABDUCTION,OFFENSE INVOLVING CHILDREN,100,Kidnapping/Abduction,A,person,II,part_i_violent,violent,approximate,2001-01-01,,Generated from the published IUCR list by scripts/build_chicago_crosswalk.py. Rule-based first pass; confirm the NIBRS target and the product category.
chi_v1,chi,1791,HARBOR RUNAWAY,OFFENSE INVOLVING CHILDREN,90F,"Family Offenses, Nonviolent",B,group_b,II,part_ii,other,approximate,2001-01-01,,Generated from the published IUCR list by scripts/build_chicago_crosswalk.py. Rule-based first pass; confirm the NIBRS target and the product category.
chi_v1,chi,1792,CHILD ABDUCTION / STRANGER,KIDNAPPING,100,Kidnapping/Abduction,A,person,II,part_i_violent,violent,approximate,2001-01-01,,Generated from the published IUCR list by scripts/build_chicago_crosswalk.py. Rule-based first pass; confirm the NIBRS target and the product category.
chi_v1,chi,1811,POSSESS - CANNABIS 30 GRAMS OR LESS,NARCOTICS,35A,Drug/Narcotic Violations,A,society,II,part_ii,quality_of_life,approximate,2001-01-01,,Generated from the published IUCR list by scripts/build_chicago_crosswalk.py. Rule-based first pass; confirm the NIBRS target and the product category.
chi_v1,chi,1812,POSSESS - CANNABIS MORE THAN 30 GRAMS,NARCOTICS,35A,Drug/Narcotic Violations,A,society,II,part_ii,quality_of_life,approximate,2001-01-01,,Generated from the published IUCR list by scripts/build_chicago_crosswalk.py. Rule-based first pass; confirm the NIBRS target and the product category.
chi_v1,chi,1821,MANUFACTURE / DELIVER - CANNABIS 10 GRAMS OR LESS,NARCOTICS,35A,Drug/Narcotic Violations,A,society,II,part_ii,quality_of_life,approximate,2001-01-01,,Generated from the published IUCR list by scripts/build_chicago_crosswalk.py. Rule-based first pass; confirm the NIBRS target and the product category.
chi_v1,chi,1822,MANUFACTURE / DELIVER - CANNABIS OVER 10 GRAMS,NARCOTICS,35A,Drug/Narcotic Violations,A,society,II,part_ii,quality_of_life,approximate,2001-01-01,,Generated from the published IUCR list by scripts/build_chicago_crosswalk.py. Rule-based first pass; confirm the NIBRS target and the product category.
chi_v1,chi,1840,DELIVER CANNABIS TO PERSON UNDER 18,NARCOTICS,35A,Drug/Narcotic Violations,A,society,II,part_ii,quality_of_life,approximate,2001-01-01,,Generated from the published IUCR list by scripts/build_chicago_crosswalk.py. Rule-based first pass; confirm the NIBRS target and the product category.
chi_v1,chi,1850,CANNABIS PLANT,NARCOTICS,35A,Drug/Narcotic Violations,A,society,II,part_ii,quality_of_life,approximate,2001-01-01,,Generated from the published IUCR list by scripts/build_chicago_crosswalk.py. Rule-based first pass; confirm the NIBRS target and the product category.
chi_v1,chi,1860,CALCULATED CANNABIS CONSPIRACY,NARCOTICS,35A,Drug/Narcotic Violations,A,society,II,part_ii,quality_of_life,approximate,2001-01-01,,Generated from the published IUCR list by scripts/build_chicago_crosswalk.py. Rule-based first pass; confirm the NIBRS target and the product category.
chi_v1,chi,1900,INTOXICATING COMPOUNDS,OTHER NARCOTIC VIOLATION,35A,Drug/Narcotic Violations,A,society,II,part_ii,quality_of_life,approximate,2001-01-01,,Generated from the published IUCR list by scripts/build_chicago_crosswalk.py. Rule-based first pass; confirm the NIBRS target and the product category.
chi_v1,chi,2010,MANUFACTURE / DELIVER - AMPHETAMINES,NARCOTICS,35A,Drug/Narcotic Violations,A,society,II,part_ii,quality_of_life,approximate,2001-01-01,,Generated from the published IUCR list by scripts/build_chicago_crosswalk.py. Rule-based first pass; confirm the NIBRS target and the product category.
chi_v1,chi,2011,MANUFACTURE / DELIVER - BARBITURATES,NARCOTICS,35A,Drug/Narcotic Violations,A,society,II,part_ii,quality_of_life,approximate,2001-01-01,,Generated from the published IUCR list by scripts/build_chicago_crosswalk.py. Rule-based first pass; confirm the NIBRS target and the product category.
chi_v1,chi,2012,MANUFACTURE / DELIVER - COCAINE,NARCOTICS,35A,Drug/Narcotic Violations,A,society,II,part_ii,quality_of_life,approximate,2001-01-01,,Generated from the published IUCR list by scripts/build_chicago_crosswalk.py. Rule-based first pass; confirm the NIBRS target and the product category.
chi_v1,chi,2013,MANUFACTURE / DELIVER - HEROIN (TAN / BROWN TAR),NARCOTICS,35A,Drug/Narcotic Violations,A,society,II,part_ii,quality_of_life,approximate,2001-01-01,,Generated from the published IUCR list by scripts/build_chicago_crosswalk.py. Rule-based first pass; confirm the NIBRS target and the product category.
chi_v1,chi,2014,MANUFACTURE / DELIVER -  HEROIN (WHITE),NARCOTICS,35A,Drug/Narcotic Violations,A,society,II,part_ii,quality_of_life,approximate,2001-01-01,,Generated from the published IUCR list by scripts/build_chicago_crosswalk.py. Rule-based first pass; confirm the NIBRS target and the product category.
chi_v1,chi,2015,MANUFACTURE / DELIVER - HALLUCINOGEN,NARCOTICS,35A,Drug/Narcotic Violations,A,society,II,part_ii,quality_of_life,approximate,2001-01-01,,Generated from the published IUCR list by scripts/build_chicago_crosswalk.py. Rule-based first pass; confirm the NIBRS target and the product category.
chi_v1,chi,2016,MANUFACTURE / DELIVER - PCP,NARCOTICS,35A,Drug/Narcotic Violations,A,society,II,part_ii,quality_of_life,approximate,2001-01-01,,Generated from the published IUCR list by scripts/build_chicago_crosswalk.py. Rule-based first pass; confirm the NIBRS target and the product category.
chi_v1,chi,2017,MANUFACTURE / DELIVER - CRACK,NARCOTICS,35A,Drug/Narcotic Violations,A,society,II,part_ii,quality_of_life,approximate,2001-01-01,,Generated from the published IUCR list by scripts/build_chicago_crosswalk.py. Rule-based first pass; confirm the NIBRS target and the product category.
chi_v1,chi,2018,MANUFACTURE / DELIVER - SYNTHETIC DRUGS,NARCOTICS,35A,Drug/Narcotic Violations,A,society,II,part_ii,quality_of_life,approximate,2001-01-01,,Generated from the published IUCR list by scripts/build_chicago_crosswalk.py. Rule-based first pass; confirm the NIBRS target and the product category.
chi_v1,chi,2019,MANUFACTURE / DELIVER - HEROIN (BLACK TAR),NARCOTICS,35A,Drug/Narcotic Violations,A,society,II,part_ii,quality_of_life,approximate,2001-01-01,,Generated from the published IUCR list by scripts/build_chicago_crosswalk.py. Rule-based first pass; confirm the NIBRS target and the product category.
chi_v1,chi,2020,POSSESS - AMPHETAMINES,NARCOTICS,35A,Drug/Narcotic Violations,A,society,II,part_ii,quality_of_life,approximate,2001-01-01,,Generated from the published IUCR list by scripts/build_chicago_crosswalk.py. Rule-based first pass; confirm the NIBRS target and the product category.
chi_v1,chi,2021,POSSESS - BARBITURATES,NARCOTICS,35A,Drug/Narcotic Violations,A,society,II,part_ii,quality_of_life,approximate,2001-01-01,,Generated from the published IUCR list by scripts/build_chicago_crosswalk.py. Rule-based first pass; confirm the NIBRS target and the product category.
chi_v1,chi,2022,POSSESS - COCAINE,NARCOTICS,35A,Drug/Narcotic Violations,A,society,II,part_ii,quality_of_life,approximate,2001-01-01,,Generated from the published IUCR list by scripts/build_chicago_crosswalk.py. Rule-based first pass; confirm the NIBRS target and the product category.
chi_v1,chi,2023,POSSESS - HEROIN (TAN / BROWN TAR),NARCOTICS,35A,Drug/Narcotic Violations,A,society,II,part_ii,quality_of_life,approximate,2001-01-01,,Generated from the published IUCR list by scripts/build_chicago_crosswalk.py. Rule-based first pass; confirm the NIBRS target and the product category.
chi_v1,chi,2024,POSSESS - HEROIN (WHITE),NARCOTICS,35A,Drug/Narcotic Violations,A,society,II,part_ii,quality_of_life,approximate,2001-01-01,,Generated from the published IUCR list by scripts/build_chicago_crosswalk.py. Rule-based first pass; confirm the NIBRS target and the product category.
chi_v1,chi,2025,POSSESS - HALLUCINOGENS,NARCOTICS,35A,Drug/Narcotic Violations,A,society,II,part_ii,quality_of_life,approximate,2001-01-01,,Generated from the published IUCR list by scripts/build_chicago_crosswalk.py. Rule-based first pass; confirm the NIBRS target and the product category.
chi_v1,chi,2026,POSSESS - PCP,NARCOTICS,35A,Drug/Narcotic Violations,A,society,II,part_ii,quality_of_life,approximate,2001-01-01,,Generated from the published IUCR list by scripts/build_chicago_crosswalk.py. Rule-based first pass; confirm the NIBRS target and the product category.
chi_v1,chi,2027,POSSESS - CRACK,NARCOTICS,35A,Drug/Narcotic Violations,A,society,II,part_ii,quality_of_life,approximate,2001-01-01,,Generated from the published IUCR list by scripts/build_chicago_crosswalk.py. Rule-based first pass; confirm the NIBRS target and the product category.
chi_v1,chi,2028,POSSESS - SYNTHETIC DRUGS,NARCOTICS,35A,Drug/Narcotic Violations,A,society,II,part_ii,quality_of_life,approximate,2001-01-01,,Generated from the published IUCR list by scripts/build_chicago_crosswalk.py. Rule-based first pass; confirm the NIBRS target and the product category.
chi_v1,chi,2029,POSSESS - HEROIN (BLACK TAR),NARCOTICS,35A,Drug/Narcotic Violations,A,society,II,part_ii,quality_of_life,approximate,2001-01-01,,Generated from the published IUCR list by scripts/build_chicago_crosswalk.py. Rule-based first pass; confirm the NIBRS target and the product category.
chi_v1,chi,2030,MANUFACTURE / DELIVER - LOOK-ALIKE DRUG,NARCOTICS,35A,Drug/Narcotic Violations,A,society,II,part_ii,quality_of_life,approximate,2001-01-01,,Generated from the published IUCR list by scripts/build_chicago_crosswalk.py. Rule-based first pass; confirm the NIBRS target and the product category.
chi_v1,chi,2031,POSSESS - METHAMPHETAMINE,NARCOTICS,35A,Drug/Narcotic Violations,A,society,II,part_ii,quality_of_life,approximate,2001-01-01,,Generated from the published IUCR list by scripts/build_chicago_crosswalk.py. Rule-based first pass; confirm the NIBRS target and the product category.
chi_v1,chi,2032,MANUFACTURE / DELIVER - METHAMPHETAMINE,NARCOTICS,35A,Drug/Narcotic Violations,A,society,II,part_ii,quality_of_life,approximate,2001-01-01,,Generated from the published IUCR list by scripts/build_chicago_crosswalk.py. Rule-based first pass; confirm the NIBRS target and the product category.
chi_v1,chi,2033,MANUFACTURE / DELIVER - SYNTHETIC MARIJUANA,NARCOTICS,35A,Drug/Narcotic Violations,A,society,II,part_ii,quality_of_life,approximate,2001-01-01,,Generated from the published IUCR list by scripts/build_chicago_crosswalk.py. Rule-based first pass; confirm the NIBRS target and the product category.
chi_v1,chi,2034,POSSESSION - SYNTHETIC MARIJUANA,NARCOTICS,35A,Drug/Narcotic Violations,A,society,II,part_ii,quality_of_life,approximate,2001-01-01,,Generated from the published IUCR list by scripts/build_chicago_crosswalk.py. Rule-based first pass; confirm the NIBRS target and the product category.
chi_v1,chi,2040,POSSESS - LOOK-ALIKE DRUGS,NARCOTICS,35A,Drug/Narcotic Violations,A,society,II,part_ii,quality_of_life,approximate,2001-01-01,,Generated from the published IUCR list by scripts/build_chicago_crosswalk.py. Rule-based first pass; confirm the NIBRS target and the product category.
chi_v1,chi,2050,CRIMINAL DRUG CONSPIRACY,NARCOTICS,35A,Drug/Narcotic Violations,A,society,II,part_ii,quality_of_life,approximate,2001-01-01,,Generated from the published IUCR list by scripts/build_chicago_crosswalk.py. Rule-based first pass; confirm the NIBRS target and the product category.
chi_v1,chi,2060,FAILURE TO REGISTER LICENSE - CONTROLLED SUBSTANCES,NARCOTICS,35A,Drug/Narcotic Violations,A,society,II,part_ii,quality_of_life,approximate,2001-01-01,,Generated from the published IUCR list by scripts/build_chicago_crosswalk.py. Rule-based first pass; confirm the NIBRS target and the product category.
chi_v1,chi,2070,DELIVER CONTROLLED SUBSTANCES TO PERSON UNDER 18,NARCOTICS,35A,Drug/Narcotic Violations,A,society,II,part_ii,quality_of_life,approximate,2001-01-01,,Generated from the published IUCR list by scripts/build_chicago_crosswalk.py. Rule-based first pass; confirm the NIBRS target and the product category.
chi_v1,chi,2080,FAILURE TO MAINTAIN RECORDS - CONTROLLED SUBSTANCES,NARCOTICS,35A,Drug/Narcotic Violations,A,society,II,part_ii,quality_of_life,approximate,2001-01-01,,Generated from the published IUCR list by scripts/build_chicago_crosswalk.py. Rule-based first pass; confirm the NIBRS target and the product category.
chi_v1,chi,2090,ALTER / FORGE PRESCRIPTION,NARCOTICS,35A,Drug/Narcotic Violations,A,society,II,part_ii,quality_of_life,approximate,2001-01-01,,Generated from the published IUCR list by scripts/build_chicago_crosswalk.py. Rule-based first pass; confirm the NIBRS target and the product category.
chi_v1,chi,2091,FORFEIT PROPERTY,NARCOTICS,35A,Drug/Narcotic Violations,A,society,II,part_ii,quality_of_life,approximate,2001-01-01,,Generated from the published IUCR list by scripts/build_chicago_crosswalk.py. Rule-based first pass; confirm the NIBRS target and the product category.
chi_v1,chi,2092,SOLICIT NARCOTICS ON PUBLIC WAY,NARCOTICS,35A,Drug/Narcotic Violations,A,society,II,part_ii,quality_of_life,approximate,2001-01-01,,Generated from the published IUCR list by scripts/build_chicago_crosswalk.py. Rule-based first pass; confirm the NIBRS target and the product category.
chi_v1,chi,2093,FOUND SUSPECT NARCOTICS,NARCOTICS,35A,Drug/Narcotic Violations,A,society,II,part_ii,quality_of_life,approximate,2001-01-01,,Generated from the published IUCR list by scripts/build_chicago_crosswalk.py. Rule-based first pass; confirm the NIBRS target and the product category.
chi_v1,chi,2094,ATTEMPT POSSESSION CANNABIS,NARCOTICS,35A,Drug/Narcotic Violations,A,society,II,part_ii,quality_of_life,approximate,2001-01-01,,Generated from the published IUCR list by scripts/build_chicago_crosswalk.py. Rule-based first pass; confirm the NIBRS target and the product category.
chi_v1,chi,2095,ATTEMPT POSSESSION NARCOTICS,NARCOTICS,35A,Drug/Narcotic Violations,A,society,II,part_ii,quality_of_life,approximate,2001-01-01,,Generated from the published IUCR list by scripts/build_chicago_crosswalk.py. Rule-based first pass; confirm the NIBRS target and the product category.
chi_v1,chi,2110,POSSESS - HYPODERMIC NEEDLE,NARCOTICS,35A,Drug/Narcotic Violations,A,society,II,part_ii,quality_of_life,approximate,2001-01-01,,Generated from the published IUCR list by scripts/build_chicago_crosswalk.py. Rule-based first pass; confirm the NIBRS target and the product category.
chi_v1,chi,2111,SALE / DELIVER - HYPODERMIC NEEDLE,NARCOTICS,35A,Drug/Narcotic Violations,A,society,II,part_ii,quality_of_life,approximate,2001-01-01,,Generated from the published IUCR list by scripts/build_chicago_crosswalk.py. Rule-based first pass; confirm the NIBRS target and the product category.
chi_v1,chi,2120,FAILURE TO KEEP HYPODERMIC RECORDS,NARCOTICS,35A,Drug/Narcotic Violations,A,society,II,part_ii,quality_of_life,approximate,2001-01-01,,Generated from the published IUCR list by scripts/build_chicago_crosswalk.py. Rule-based first pass; confirm the NIBRS target and the product category.
chi_v1,chi,2160,SALE / DELIVER - DRUG PARAPHERNALIA,NARCOTICS,35A,Drug/Narcotic Violations,A,society,II,part_ii,quality_of_life,approximate,2001-01-01,,Generated from the published IUCR list by scripts/build_chicago_crosswalk.py. Rule-based first pass; confirm the NIBRS target and the product category.
chi_v1,chi,2170,POSSESSION OF DRUG EQUIPMENT,NARCOTICS,35A,Drug/Narcotic Violations,A,society,II,part_ii,quality_of_life,approximate,2001-01-01,,Generated from the published IUCR list by scripts/build_chicago_crosswalk.py. Rule-based first pass; confirm the NIBRS target and the product category.
chi_v1,chi,2210,SELL / GIVE / DELIVER LIQUOR TO MINOR,LIQUOR LAW VIOLATION,90G,Liquor Law Violations,B,group_b,II,part_ii,quality_of_life,approximate,2001-01-01,,Generated from the published IUCR list by scripts/build_chicago_crosswalk.py. Rule-based first pass; confirm the NIBRS target and the product category.
chi_v1,chi,2220,ILLEGAL POSSESSION BY MINOR,LIQUOR LAW VIOLATION,90G,Liquor Law Violations,B,group_b,II,part_ii,quality_of_life,approximate,2001-01-01,,Generated from the published IUCR list by scripts/build_chicago_crosswalk.py. Rule-based first pass; confirm the NIBRS target and the product category.
chi_v1,chi,2230,ILLEGAL CONSUMPTION BY MINOR,LIQUOR LAW VIOLATION,90G,Liquor Law Violations,B,group_b,II,part_ii,quality_of_life,approximate,2001-01-01,,Generated from the published IUCR list by scripts/build_chicago_crosswalk.py. Rule-based first pass; confirm the NIBRS target and the product category.
chi_v1,chi,2240,MINOR MISREPRESENT AGE,LIQUOR LAW VIOLATION,90G,Liquor Law Violations,B,group_b,II,part_ii,quality_of_life,approximate,2001-01-01,,Generated from the published IUCR list by scripts/build_chicago_crosswalk.py. Rule-based first pass; confirm the NIBRS target and the product category.
chi_v1,chi,2250,LIQUOR LICENSE VIOLATION,LIQUOR LAW VIOLATION,90G,Liquor Law Violations,B,group_b,II,part_ii,quality_of_life,approximate,2001-01-01,,Generated from the published IUCR list by scripts/build_chicago_crosswalk.py. Rule-based first pass; confirm the NIBRS target and the product category.
chi_v1,chi,2251,EMPLOY MINOR,LIQUOR LAW VIOLATION,90G,Liquor Law Violations,B,group_b,II,part_ii,quality_of_life,approximate,2001-01-01,,Generated from the published IUCR list by scripts/build_chicago_crosswalk.py. Rule-based first pass; confirm the NIBRS target and the product category.
chi_v1,chi,2820,TELEPHONE THREAT,OTHER OFFENSE,90Z,All Other Offenses,B,group_b,II,part_ii,other,ambiguous,2001-01-01,,"NEEDS REVIEW: no rule matched this IUCR primary description, so it carries the residual NIBRS code. Map it or confirm the residual is right."
chi_v1,chi,2825,HARASSMENT BY TELEPHONE,OTHER OFFENSE,90Z,All Other Offenses,B,group_b,II,part_ii,other,ambiguous,2001-01-01,,"NEEDS REVIEW: no rule matched this IUCR primary description, so it carries the residual NIBRS code. Map it or confirm the residual is right."
chi_v1,chi,2826,HARASSMENT BY ELECTRONIC MEANS,OTHER OFFENSE,90Z,All Other Offenses,B,group_b,II,part_ii,other,ambiguous,2001-01-01,,"NEEDS REVIEW: no rule matched this IUCR primary description, so it carries the residual NIBRS code. Map it or confirm the residual is right."
chi_v1,chi,2830,OBSCENE TELEPHONE CALLS,OTHER OFFENSE,90Z,All Other Offenses,B,group_b,II,part_ii,other,ambiguous,2001-01-01,,"NEEDS REVIEW: no rule matched this IUCR primary description, so it carries the residual NIBRS code. Map it or confirm the residual is right."
chi_v1,chi,2840,FALSE FIRE ALARM,PUBLIC PEACE VIOLATION,90C,Disorderly Conduct,B,group_b,II,part_ii,quality_of_life,approximate,2001-01-01,,Generated from the published IUCR list by scripts/build_chicago_crosswalk.py. Rule-based first pass; confirm the NIBRS target and the product category.
chi_v1,chi,2850,BOMB THREAT,PUBLIC PEACE VIOLATION,90C,Disorderly Conduct,B,group_b,II,part_ii,quality_of_life,approximate,2001-01-01,,Generated from the published IUCR list by scripts/build_chicago_crosswalk.py. Rule-based first pass; confirm the NIBRS target and the product category.
chi_v1,chi,2851,ARSON THREAT,PUBLIC PEACE VIOLATION,200,Arson,A,property,II,part_i_property,property,approximate,2001-01-01,,Generated from the published IUCR list by scripts/build_chicago_crosswalk.py. Rule-based first pass; confirm the NIBRS target and the product category.
chi_v1,chi,2860,FALSE POLICE REPORT,PUBLIC PEACE VIOLATION,90C,Disorderly Conduct,B,group_b,II,part_ii,quality_of_life,approximate,2001-01-01,,Generated from the published IUCR list by scripts/build_chicago_crosswalk.py. Rule-based first pass; confirm the NIBRS target and the product category.
chi_v1,chi,2870,PEEPING TOM,PUBLIC PEACE VIOLATION,90C,Disorderly Conduct,B,group_b,II,part_ii,quality_of_life,approximate,2001-01-01,,Generated from the published IUCR list by scripts/build_chicago_crosswalk.py. Rule-based first pass; confirm the NIBRS target and the product category.
chi_v1,chi,2890,OTHER VIOLATION,PUBLIC PEACE VIOLATION,90C,Disorderly Conduct,B,group_b,II,part_ii,quality_of_life,approximate,2001-01-01,,Generated from the published IUCR list by scripts/build_chicago_crosswalk.py. Rule-based first pass; confirm the NIBRS target and the product category.
chi_v1,chi,2895,INTERFERE WITH EMERGENCY EQUIPMENT,PUBLIC PEACE VIOLATION,90C,Disorderly Conduct,B,group_b,II,part_ii,quality_of_life,approximate,2001-01-01,,Generated from the published IUCR list by scripts/build_chicago_crosswalk.py. Rule-based first pass; confirm the NIBRS target and the product category.
chi_v1,chi,2896,TIRE DEFLATION DEVICE DEPLOYMENT,PUBLIC PEACE VIOLATION,90C,Disorderly Conduct,B,group_b,II,part_ii,quality_of_life,approximate,2001-01-01,,Generated from the published IUCR list by scripts/build_chicago_crosswalk.py. Rule-based first pass; confirm the NIBRS target and the product category.
chi_v1,chi,2900,UNLAWFUL USE / SALE OF AIR RIFLE,WEAPONS VIOLATION,520,Weapon Law Violations,A,society,II,part_ii,other,approximate,2001-01-01,,Generated from the published IUCR list by scripts/build_chicago_crosswalk.py. Rule-based first pass; confirm the NIBRS target and the product category.
chi_v1,chi,3000,SELL / ADVERTISE FIREWORKS,PUBLIC PEACE VIOLATION,90C,Disorderly Conduct,B,group_b,II,part_ii,quality_of_life,approximate,2001-01-01,,Generated from the published IUCR list by scripts/build_chicago_crosswalk.py. Rule-based first pass; confirm the NIBRS target and the product category.
chi_v1,chi,3100,MOB ACTION,PUBLIC PEACE VIOLATION,90C,Disorderly Conduct,B,group_b,II,part_ii,quality_of_life,approximate,2001-01-01,,Generated from the published IUCR list by scripts/build_chicago_crosswalk.py. Rule-based first pass; confirm the NIBRS target and the product category.
chi_v1,chi,3200,ARMED VIOLENCE,PUBLIC PEACE VIOLATION,90C,Disorderly Conduct,B,group_b,II,part_ii,quality_of_life,approximate,2001-01-01,,Generated from the published IUCR list by scripts/build_chicago_crosswalk.py. Rule-based first pass; confirm the NIBRS target and the product category.
chi_v1,chi,3300,PUBLIC DEMONSTRATION,PUBLIC PEACE VIOLATION,90C,Disorderly Conduct,B,group_b,II,part_ii,quality_of_life,approximate,2001-01-01,,Generated from the published IUCR list by scripts/build_chicago_crosswalk.py. Rule-based first pass; confirm the NIBRS target and the product category.
chi_v1,chi,3400,LOOTING,PUBLIC PEACE VIOLATION,90C,Disorderly Conduct,B,group_b,II,part_ii,quality_of_life,approximate,2001-01-01,,Generated from the published IUCR list by scripts/build_chicago_crosswalk.py. Rule-based first pass; confirm the NIBRS target and the product category.
chi_v1,chi,3610,INTERFERE WITH HIGHER EDUCATION,OTHER OFFENSE,90Z,All Other Offenses,B,group_b,II,part_ii,other,ambiguous,2001-01-01,,"NEEDS REVIEW: no rule matched this IUCR primary description, so it carries the residual NIBRS code. Map it or confirm the residual is right."
chi_v1,chi,3710,RESIST / OBSTRUCT / DISARM OFFICER,INTERFERENCE WITH PUBLIC OFFICER,90Z,All Other Offenses,B,group_b,II,part_ii,other,approximate,2001-01-01,,Generated from the published IUCR list by scripts/build_chicago_crosswalk.py. Rule-based first pass; confirm the NIBRS target and the product category.
chi_v1,chi,3720,REFUSING TO AID AN OFFICER,INTERFERENCE WITH PUBLIC OFFICER,90Z,All Other Offenses,B,group_b,II,part_ii,other,approximate,2001-01-01,,Generated from the published IUCR list by scripts/build_chicago_crosswalk.py. Rule-based first pass; confirm the NIBRS target and the product category.
chi_v1,chi,3730,OBSTRUCTING JUSTICE,INTERFERENCE WITH PUBLIC OFFICER,90Z,All Other Offenses,B,group_b,II,part_ii,other,approximate,2001-01-01,,Generated from the published IUCR list by scripts/build_chicago_crosswalk.py. Rule-based first pass; confirm the NIBRS target and the product category.
chi_v1,chi,3731,OBSTRUCTING IDENTIFICATION,INTERFERENCE WITH PUBLIC OFFICER,90Z,All Other Offenses,B,group_b,II,part_ii,other,approximate,2001-01-01,,Generated from the published IUCR list by scripts/build_chicago_crosswalk.py. Rule-based first pass; confirm the NIBRS target and the product category.
chi_v1,chi,3740,CONCEALING / AIDING A FUGITIVE,INTERFERENCE WITH PUBLIC OFFICER,90Z,All Other Offenses,B,group_b,II,part_ii,other,approximate,2001-01-01,,Generated from the published IUCR list by scripts/build_chicago_crosswalk.py. Rule-based first pass; confirm the NIBRS target and the product category.
chi_v1,chi,3750,ESCAPE,INTERFERENCE WITH PUBLIC OFFICER,90Z,All Other Offenses,B,group_b,II,part_ii,other,approximate,2001-01-01,,Generated from the published IUCR list by scripts/build_chicago_crosswalk.py. Rule-based first pass; confirm the NIBRS target and the product category.
chi_v1,chi,3751,AIDING ARRESTEE ESCAPE,INTERFERENCE WITH PUBLIC OFFICER,90Z,All Other Offenses,B,group_b,II,part_ii,other,approximate,2001-01-01,,Generated from the published IUCR list by scripts/build_chicago_crosswalk.py. Rule-based first pass; confirm the NIBRS target and the product category.
chi_v1,chi,3760,OBSTRUCTING SERVICE,INTERFERENCE WITH PUBLIC OFFICER,90Z,All Other Offenses,B,group_b,II,part_ii,other,approximate,2001-01-01,,Generated from the published IUCR list by scripts/build_chicago_crosswalk.py. Rule-based first pass; confirm the NIBRS target and the product category.
chi_v1,chi,3770,CONTRABAND IN PRISON,INTERFERENCE WITH PUBLIC OFFICER,90Z,All Other Offenses,B,group_b,II,part_ii,other,approximate,2001-01-01,,Generated from the published IUCR list by scripts/build_chicago_crosswalk.py. Rule-based first pass; confirm the NIBRS target and the product category.
chi_v1,chi,3800,INTERFERENCE JUDICIAL PROCESS,INTERFERENCE WITH PUBLIC OFFICER,90Z,All Other Offenses,B,group_b,II,part_ii,other,approximate,2001-01-01,,Generated from the published IUCR list by scripts/build_chicago_crosswalk.py. Rule-based first pass; confirm the NIBRS target and the product category.
chi_v1,chi,3910,BRIBERY,INTERFERENCE WITH PUBLIC OFFICER,90Z,All Other Offenses,B,group_b,II,part_ii,other,approximate,2001-01-01,,Generated from the published IUCR list by scripts/build_chicago_crosswalk.py. Rule-based first pass; confirm the NIBRS target and the product category.
chi_v1,chi,3920,OFFICIAL MISCONDUCT,INTERFERENCE WITH PUBLIC OFFICER,90Z,All Other Offenses,B,group_b,II,part_ii,other,approximate,2001-01-01,,Generated from the published IUCR list by scripts/build_chicago_crosswalk.py. Rule-based first pass; confirm the NIBRS target and the product category.
chi_v1,chi,3960,INTIMIDATION,INTIMIDATION,13C,Intimidation,A,person,II,part_ii,violent,approximate,2001-01-01,,Generated from the published IUCR list by scripts/build_chicago_crosswalk.py. Rule-based first pass; confirm the NIBRS target and the product category.
chi_v1,chi,3961,INTIMIDATION OF LAW ENFORCEMENT OFFICIAL,INTIMIDATION,13C,Intimidation,A,person,II,part_ii,violent,approximate,2001-01-01,,Generated from the published IUCR list by scripts/build_chicago_crosswalk.py. Rule-based first pass; confirm the NIBRS target and the product category.
chi_v1,chi,3966,EDUCATIONAL INTIMIDATION,INTIMIDATION,13C,Intimidation,A,person,II,part_ii,violent,approximate,2001-01-01,,Generated from the published IUCR list by scripts/build_chicago_crosswalk.py. Rule-based first pass; confirm the NIBRS target and the product category.
chi_v1,chi,3970,EXTORTION,INTIMIDATION,13C,Intimidation,A,person,II,part_ii,violent,approximate,2001-01-01,,Generated from the published IUCR list by scripts/build_chicago_crosswalk.py. Rule-based first pass; confirm the NIBRS target and the product category.
chi_v1,chi,3975,COMPELLING ORGANIZATION MEMBERSHIP,INTIMIDATION,13C,Intimidation,A,person,II,part_ii,violent,approximate,2001-01-01,,Generated from the published IUCR list by scripts/build_chicago_crosswalk.py. Rule-based first pass; confirm the NIBRS target and the product category.
chi_v1,chi,3980,COMPELLING CONFESSION,INTIMIDATION,13C,Intimidation,A,person,II,part_ii,violent,approximate,2001-01-01,,Generated from the published IUCR list by scripts/build_chicago_crosswalk.py. Rule-based first pass; confirm the NIBRS target and the product category.
chi_v1,chi,4210,KIDNAPPING,KIDNAPPING,100,Kidnapping/Abduction,A,person,II,part_i_violent,violent,approximate,2001-01-01,,Generated from the published IUCR list by scripts/build_chicago_crosswalk.py. Rule-based first pass; confirm the NIBRS target and the product category.
chi_v1,chi,4220,AGGRAVATED,KIDNAPPING,100,Kidnapping/Abduction,A,person,II,part_i_violent,violent,approximate,2001-01-01,,Generated from the published IUCR list by scripts/build_chicago_crosswalk.py. Rule-based first pass; confirm the NIBRS target and the product category.
chi_v1,chi,4230,UNLAWFUL RESTRAINT,KIDNAPPING,100,Kidnapping/Abduction,A,person,II,part_i_violent,violent,approximate,2001-01-01,,Generated from the published IUCR list by scripts/build_chicago_crosswalk.py. Rule-based first pass; confirm the NIBRS target and the product category.
chi_v1,chi,4240,FORCIBLE DETENTION,KIDNAPPING,100,Kidnapping/Abduction,A,person,II,part_i_violent,violent,approximate,2001-01-01,,Generated from the published IUCR list by scripts/build_chicago_crosswalk.py. Rule-based first pass; confirm the NIBRS target and the product category.
chi_v1,chi,4255,UNLAWFUL VISITATION INTERFERENCE,KIDNAPPING,100,Kidnapping/Abduction,A,person,II,part_i_violent,violent,approximate,2001-01-01,,Generated from the published IUCR list by scripts/build_chicago_crosswalk.py. Rule-based first pass; confirm the NIBRS target and the product category.
chi_v1,chi,4310,POSSESSION OF BURGLARY TOOLS,OTHER OFFENSE,220,Burglary/Breaking and Entering,A,property,II,part_i_property,property,approximate,2001-01-01,,Generated from the published IUCR list by scripts/build_chicago_crosswalk.py. Rule-based first pass; confirm the NIBRS target and the product category.
chi_v1,chi,4386,VIOLATION OF CIVIL NO CONTACT ORDER,OTHER OFFENSE,90Z,All Other Offenses,B,group_b,II,part_ii,other,ambiguous,2001-01-01,,"NEEDS REVIEW: no rule matched this IUCR primary description, so it carries the residual NIBRS code. Map it or confirm the residual is right."
chi_v1,chi,4387,VIOLATE ORDER OF PROTECTION,OTHER OFFENSE,90Z,All Other Offenses,B,group_b,II,part_ii,other,ambiguous,2001-01-01,,"NEEDS REVIEW: no rule matched this IUCR primary description, so it carries the residual NIBRS code. Map it or confirm the residual is right."
chi_v1,chi,4388,VIOLATION OF BAIL BOND - DOMESTIC VIOLENCE,OTHER OFFENSE,90Z,All Other Offenses,B,group_b,II,part_ii,other,ambiguous,2001-01-01,,"NEEDS REVIEW: no rule matched this IUCR primary description, so it carries the residual NIBRS code. Map it or confirm the residual is right."
chi_v1,chi,4389,VIOLATION GPS MONITORING DEVICE,OTHER OFFENSE,90Z,All Other Offenses,B,group_b,II,part_ii,other,ambiguous,2001-01-01,,"NEEDS REVIEW: no rule matched this IUCR primary description, so it carries the residual NIBRS code. Map it or confirm the residual is right."
chi_v1,chi,4410,DESTRUCTION OF DRAFT CARD,OTHER OFFENSE,90Z,All Other Offenses,B,group_b,II,part_ii,other,ambiguous,2001-01-01,,"NEEDS REVIEW: no rule matched this IUCR primary description, so it carries the residual NIBRS code. Map it or confirm the residual is right."
chi_v1,chi,4420,CRIMINAL FORTIFICATION,OTHER OFFENSE,90Z,All Other Offenses,B,group_b,II,part_ii,other,ambiguous,2001-01-01,,"NEEDS REVIEW: no rule matched this IUCR primary description, so it carries the residual NIBRS code. Map it or confirm the residual is right."
chi_v1,chi,4510,PROBATION VIOLATION,OTHER OFFENSE,90Z,All Other Offenses,B,group_b,II,part_ii,other,ambiguous,2001-01-01,,"NEEDS REVIEW: no rule matched this IUCR primary description, so it carries the residual NIBRS code. Map it or confirm the residual is right."
chi_v1,chi,4625,PAROLE VIOLATION,OTHER OFFENSE,90Z,All Other Offenses,B,group_b,II,part_ii,other,ambiguous,2001-01-01,,"NEEDS REVIEW: no rule matched this IUCR primary description, so it carries the residual NIBRS code. Map it or confirm the residual is right."
chi_v1,chi,4650,SEX OFFENDER - FAIL TO REGISTER,OTHER OFFENSE,90Z,All Other Offenses,B,group_b,II,part_ii,other,ambiguous,2001-01-01,,"NEEDS REVIEW: no rule matched this IUCR primary description, so it carries the residual NIBRS code. Map it or confirm the residual is right."
chi_v1,chi,4651,SEX OFFENDER - FAIL TO REGISTER NEW ADDRESS,OTHER OFFENSE,90Z,All Other Offenses,B,group_b,II,part_ii,other,ambiguous,2001-01-01,,"NEEDS REVIEW: no rule matched this IUCR primary description, so it carries the residual NIBRS code. Map it or confirm the residual is right."
chi_v1,chi,4652,SEX OFFENDER - PROHIBITED ZONE,OTHER OFFENSE,90Z,All Other Offenses,B,group_b,II,part_ii,other,ambiguous,2001-01-01,,"NEEDS REVIEW: no rule matched this IUCR primary description, so it carries the residual NIBRS code. Map it or confirm the residual is right."
chi_v1,chi,4740,UNLAWFUL USE OF BODY ARMOR,OTHER OFFENSE,90Z,All Other Offenses,B,group_b,II,part_ii,other,ambiguous,2001-01-01,,"NEEDS REVIEW: no rule matched this IUCR primary description, so it carries the residual NIBRS code. Map it or confirm the residual is right."
chi_v1,chi,4750,DISCLOSE DOMESTIC VIOLENCE VICTIM LOCATION,OTHER OFFENSE,90Z,All Other Offenses,B,group_b,II,part_ii,other,ambiguous,2001-01-01,,"NEEDS REVIEW: no rule matched this IUCR primary description, so it carries the residual NIBRS code. Map it or confirm the residual is right."
chi_v1,chi,4800,MONEY LAUNDERING,OTHER OFFENSE,90Z,All Other Offenses,B,group_b,II,part_ii,other,ambiguous,2001-01-01,,"NEEDS REVIEW: no rule matched this IUCR primary description, so it carries the residual NIBRS code. Map it or confirm the residual is right."
chi_v1,chi,4810,COMPOUNDING A CRIME,OTHER OFFENSE,90Z,All Other Offenses,B,group_b,II,part_ii,other,ambiguous,2001-01-01,,"NEEDS REVIEW: no rule matched this IUCR primary description, so it carries the residual NIBRS code. Map it or confirm the residual is right."
chi_v1,chi,4860,BOARD PLANE WITH WEAPON,OTHER OFFENSE,520,Weapon Law Violations,A,society,II,part_ii,other,approximate,2001-01-01,,Generated from the published IUCR list by scripts/build_chicago_crosswalk.py. Rule-based first pass; confirm the NIBRS target and the product category.
chi_v1,chi,5000,OTHER CRIME AGAINST PERSON,OTHER OFFENSE,90Z,All Other Offenses,B,group_b,II,part_ii,other,ambiguous,2001-01-01,,"NEEDS REVIEW: no rule matched this IUCR primary description, so it carries the residual NIBRS code. Map it or confirm the residual is right."
chi_v1,chi,5001,OTHER CRIME INVOLVING PROPERTY,OTHER OFFENSE,90Z,All Other Offenses,B,group_b,II,part_ii,other,ambiguous,2001-01-01,,"NEEDS REVIEW: no rule matched this IUCR primary description, so it carries the residual NIBRS code. Map it or confirm the residual is right."
chi_v1,chi,5002,OTHER VEHICLE OFFENSE,OTHER OFFENSE,90Z,All Other Offenses,B,group_b,II,part_ii,other,ambiguous,2001-01-01,,"NEEDS REVIEW: no rule matched this IUCR primary description, so it carries the residual NIBRS code. Map it or confirm the residual is right."
chi_v1,chi,5003,OTHER ARSON / EXPLOSIVE INCIDENT,OTHER OFFENSE,200,Arson,A,property,II,part_i_property,property,approximate,2001-01-01,,Generated from the published IUCR list by scripts/build_chicago_crosswalk.py. Rule-based first pass; confirm the NIBRS target and the product category.
chi_v1,chi,5004,ATTEMPT CRIMINAL SEXUAL ABUSE,SEX OFFENSE,11D,Fondling,A,person,II,part_ii,violent,approximate,2001-01-01,,Generated from the published IUCR list by scripts/build_chicago_crosswalk.py. Rule-based first pass; confirm the NIBRS target and the product category.
chi_v1,chi,5005,ATTEMPT AGGRAVATED CRIMINAL SEXUAL ABUSE,SEX OFFENSE,11D,Fondling,A,person,II,part_ii,violent,approximate,2001-01-01,,Generated from the published IUCR list by scripts/build_chicago_crosswalk.py. Rule-based first pass; confirm the NIBRS target and the product category.
chi_v1,chi,5007,OTHER WEAPONS VIOLATION,OTHER OFFENSE,520,Weapon Law Violations,A,society,II,part_ii,other,approximate,2001-01-01,,Generated from the published IUCR list by scripts/build_chicago_crosswalk.py. Rule-based first pass; confirm the NIBRS target and the product category.
chi_v1,chi,5008,FIREARM REGISTRATION VIOLATION,OTHER OFFENSE,90Z,All Other Offenses,B,group_b,II,part_ii,other,ambiguous,2001-01-01,,"NEEDS REVIEW: no rule matched this IUCR primary description, so it carries the residual NIBRS code. Map it or confirm the residual is right."
chi_v1,chi,5009,VIOLATION OF SMOKING BAN,OTHER OFFENSE,90Z,All Other Offenses,B,group_b,II,part_ii,other,ambiguous,2001-01-01,,"NEEDS REVIEW: no rule matched this IUCR primary description, so it carries the residual NIBRS code. Map it or confirm the residual is right."
chi_v1,chi,500E,EAVESDROPPING,OTHER OFFENSE,90Z,All Other Offenses,B,group_b,II,part_ii,other,ambiguous,2001-01-01,,"NEEDS REVIEW: no rule matched this IUCR primary description, so it carries the residual NIBRS code. Map it or confirm the residual is right."
chi_v1,chi,500N,ABUSE / NEGLECT - CARE FACILITY,OTHER OFFENSE,90Z,All Other Offenses,B,group_b,II,part_ii,other,ambiguous,2001-01-01,,"NEEDS REVIEW: no rule matched this IUCR primary description, so it carries the residual NIBRS code. Map it or confirm the residual is right."
chi_v1,chi,5011,LICENSE VIOLATION,OTHER OFFENSE,90Z,All Other Offenses,B,group_b,II,part_ii,other,ambiguous,2001-01-01,,"NEEDS REVIEW: no rule matched this IUCR primary description, so it carries the residual NIBRS code. Map it or confirm the residual is right."
chi_v1,chi,5013,VIOLATION OF SUMMARY CLOSURE,OTHER OFFENSE,90Z,All Other Offenses,B,group_b,II,part_ii,other,ambiguous,2001-01-01,,"NEEDS REVIEW: no rule matched this IUCR primary description, so it carries the residual NIBRS code. Map it or confirm the residual is right."
chi_v1,chi,501A,ANIMAL ABUSE / NEGLECT,OTHER OFFENSE,720,Animal Cruelty,A,society,II,part_ii,other,approximate,2001-01-01,,Generated from the published IUCR list by scripts/build_chicago_crosswalk.py. Rule-based first pass; confirm the NIBRS target and the product category.
chi_v1,chi,501H,HAZARDOUS MATERIALS VIOLATION,OTHER OFFENSE,90Z,All Other Offenses,B,group_b,II,part_ii,other,ambiguous,2001-01-01,,"NEEDS REVIEW: no rule matched this IUCR primary description, so it carries the residual NIBRS code. Map it or confirm the residual is right."
chi_v1,chi,502P,FALSE / STOLEN / ALTERED TRP,OTHER OFFENSE,90Z,All Other Offenses,B,group_b,II,part_ii,other,ambiguous,2001-01-01,,"NEEDS REVIEW: no rule matched this IUCR primary description, so it carries the residual NIBRS code. Map it or confirm the residual is right."
chi_v1,chi,502R,VEHICLE TITLE / REGISTRATION OFFENSE,OTHER OFFENSE,90Z,All Other Offenses,B,group_b,II,part_ii,other,ambiguous,2001-01-01,,"NEEDS REVIEW: no rule matched this IUCR primary description, so it carries the residual NIBRS code. Map it or confirm the residual is right."
chi_v1,chi,502T,TAMPER WITH MOTOR VEHICLE,OTHER OFFENSE,90Z,All Other Offenses,B,group_b,II,part_ii,other,ambiguous,2001-01-01,,"NEEDS REVIEW: no rule matched this IUCR primary description, so it carries the residual NIBRS code. Map it or confirm the residual is right."
chi_v1,chi,5110,GUN OFFENDER - DUTY TO REGISTER,OTHER OFFENSE,90Z,All Other Offenses,B,group_b,II,part_ii,other,ambiguous,2001-01-01,,"NEEDS REVIEW: no rule matched this IUCR primary description, so it carries the residual NIBRS code. Map it or confirm the residual is right."
chi_v1,chi,5111,GUN OFFENDER - ANNUAL REGISTRATION,OTHER OFFENSE,90Z,All Other Offenses,B,group_b,II,part_ii,other,ambiguous,2001-01-01,,"NEEDS REVIEW: no rule matched this IUCR primary description, so it carries the residual NIBRS code. Map it or confirm the residual is right."
chi_v1,chi,5112,GUN OFFENDER - DUTY TO REPORT CHANGE OF INFORMATION,OTHER OFFENSE,90Z,All Other Offenses,B,group_b,II,part_ii,other,ambiguous,2001-01-01,,"NEEDS REVIEW: no rule matched this IUCR primary description, so it carries the residual NIBRS code. Map it or confirm the residual is right."
chi_v1,chi,5120,ARSONIST - DUTY TO REGISTER,OTHER OFFENSE,200,Arson,A,property,II,part_i_property,property,approximate,2001-01-01,,Generated from the published IUCR list by scripts/build_chicago_crosswalk.py. Rule-based first pass; confirm the NIBRS target and the product category.
chi_v1,chi,5121,ARSONIST - ANNUAL REGISTRATION,OTHER OFFENSE,200,Arson,A,property,II,part_i_property,property,approximate,2001-01-01,,Generated from the published IUCR list by scripts/build_chicago_crosswalk.py. Rule-based first pass; confirm the NIBRS target and the product category.
chi_v1,chi,5122,ARSONIST - FAIL TO REGISTER NEW ADDRESS,OTHER OFFENSE,200,Arson,A,property,II,part_i_property,property,approximate,2001-01-01,,Generated from the published IUCR list by scripts/build_chicago_crosswalk.py. Rule-based first pass; confirm the NIBRS target and the product category.
chi_v1,chi,5130,VIOLENT OFFENDER - DUTY TO REGISTER,OTHER OFFENSE,90Z,All Other Offenses,B,group_b,II,part_ii,other,ambiguous,2001-01-01,,"NEEDS REVIEW: no rule matched this IUCR primary description, so it carries the residual NIBRS code. Map it or confirm the residual is right."
chi_v1,chi,5131,VIOLENT OFFENDER - ANNUAL REGISTRATION,OTHER OFFENSE,90Z,All Other Offenses,B,group_b,II,part_ii,other,ambiguous,2001-01-01,,"NEEDS REVIEW: no rule matched this IUCR primary description, so it carries the residual NIBRS code. Map it or confirm the residual is right."
chi_v1,chi,5132,VIOLENT OFFENDER - FAIL TO REGISTER NEW ADDRESS,OTHER OFFENSE,90Z,All Other Offenses,B,group_b,II,part_ii,other,ambiguous,2001-01-01,,"NEEDS REVIEW: no rule matched this IUCR primary description, so it carries the residual NIBRS code. Map it or confirm the residual is right."
chi_v1,chi,9901,DOMESTIC VIOLENCE,DOMESTIC VIOLENCE,90Z,All Other Offenses,B,group_b,II,part_ii,other,ambiguous,2001-01-01,,"NEEDS REVIEW: no rule matched this IUCR primary description, so it carries the residual NIBRS code. Map it or confirm the residual is right."
